Lagereinheit_ID,Packplatz,Auftragsnummer,Packzeitpunkt,Menge
443,Packplatz 09,8982,26.04.2022 16:56,346
520,Packplatz 08,7386,26.04.2022 17:05,74
259,Packplatz 08,1834,26.04.2022 13:52,62
600,Packplatz 02,2872,26.04.2022 15:11,482
452,Packplatz 04,8389,26.04.2022 12:33,15
536,Packplatz 02,8992,26.04.2022 14:40,117
129,Packplatz 06,4492,26.04.2022 14:35,364
856,Packplatz 08,2100,26.04.2022 13:43,47
486,Packplatz 08,3302,26.04.2022 16:53,382
351,Packplatz 09,1147,26.04.2022 19:49,291
618,Packplatz 08,5089,26.04.2022 14:54,495
804,Packplatz 10,7597,26.04.2022 16:23,370
627,Packplatz 10,5244,26.04.2022 17:51,239
599,Packplatz 08,3962,26.04.2022 13:08,127
595,Packplatz 03,9151,26.04.2022 16:25,163
129,Packplatz 03,3594,26.04.2022 19:04,269
342,Packplatz 09,5197,26.04.2022 16:15,163
869,Packplatz 04,6783,26.04.2022 18:37,370
414,Packplatz 01,5491,26.04.2022 18:39,458
201,Packplatz 08,5252,26.04.2022 16:04,59
318,Packplatz 07,6271,26.04.2022 18:36,88
577,Packplatz 04,8084,26.04.2022 21:04,154
520,Packplatz 05,4907,26.04.2022 18:30,124
506,Packplatz 08,3223,26.04.2022 18:59,453
849,Packplatz 04,1657,26.04.2022 15:48,162
714,Packplatz 08,7380,26.04.2022 16:54,266
966,Packplatz 09,4046,26.04.2022 14:43,374
393,Packplatz 03,1792,26.04.2022 18:08,42
111,Packplatz 03,6630,26.04.2022 14:03,105
774,Packplatz 09,6264,26.04.2022 17:50,224
126,Packplatz 08,8653,26.04.2022 15:58,13
381,Packplatz 04,5290,26.04.2022 17:51,343
626,Packplatz 10,3098,26.04.2022 17:57,262
798,Packplatz 03,8688,26.04.2022 14:10,130
824,Packplatz 07,8332,26.04.2022 13:12,352
631,Packplatz 07,9268,26.04.2022 19:42,76
411,Packplatz 07,2953,26.04.2022 12:21,499
837,Packplatz 10,6797,26.04.2022 16:18,487
322,Packplatz 08,8331,26.04.2022 13:14,48
153,Packplatz 07,4085,26.04.2022 17:36,381
185,Packplatz 05,7026,26.04.2022 17:33,333
755,Packplatz 09,1418,26.04.2022 21:43,398
577,Packplatz 08,7406,26.04.2022 17:25,188
187,Packplatz 10,7378,26.04.2022 18:48,446
445,Packplatz 04,2939,26.04.2022 13:37,256
121,Packplatz 10,2751,26.04.2022 18:42,262
176,Packplatz 03,6540,26.04.2022 15:12,315
998,Packplatz 03,5098,26.04.2022 17:15,404
973,Packplatz 07,8376,26.04.2022 17:06,123
505,Packplatz 03,5178,26.04.2022 14:27,471
847,Packplatz 10,9949,26.04.2022 16:58,97
721,Packplatz 09,3862,26.04.2022 15:49,12
879,Packplatz 02,6860,26.04.2022 17:00,498
440,Packplatz 06,6215,26.04.2022 17:02,138
843,Packplatz 03,4819,26.04.2022 18:51,28
402,Packplatz 02,4146,26.04.2022 17:32,452
690,Packplatz 07,4249,26.04.2022 16:13,295
637,Packplatz 04,4818,26.04.2022 14:46,127
362,Packplatz 10,8878,26.04.2022 20:13,276
922,Packplatz 01,8660,26.04.2022 14:44,180
957,Packplatz 10,6314,26.04.2022 16:56,222
793,Packplatz 06,5099,26.04.2022 18:43,489
622,Packplatz 08,3265,26.04.2022 20:06,162
229,Packplatz 05,7568,26.04.2022 19:40,297
870,Packplatz 06,2483,26.04.2022 17:44,387
574,Packplatz 04,8128,26.04.2022 20:23,457
265,Packplatz 04,5806,26.04.2022 16:24,329
887,Packplatz 06,8218,26.04.2022 19:11,200
926,Packplatz 01,7138,26.04.2022 13:51,396
404,Packplatz 06,1034,26.04.2022 19:40,60
770,Packplatz 08,7710,26.04.2022 19:40,221
799,Packplatz 10,5320,26.04.2022 16:52,454
894,Packplatz 09,2575,26.04.2022 15:01,355
309,Packplatz 07,3318,26.04.2022 18:19,91
196,Packplatz 10,5612,26.04.2022 17:41,102
444,Packplatz 08,7613,26.04.2022 18:05,70
761,Packplatz 07,9880,26.04.2022 18:24,424
473,Packplatz 04,3194,26.04.2022 14:59,476
517,Packplatz 07,1492,26.04.2022 20:04,98
586,Packplatz 03,6342,26.04.2022 14:45,139
401,Packplatz 01,3614,26.04.2022 15:03,474
901,Packplatz 04,1772,26.04.2022 16:29,172
897,Packplatz 07,8814,26.04.2022 16:50,241
788,Packplatz 08,8978,26.04.2022 18:05,64
378,Packplatz 05,8232,26.04.2022 16:28,358
283,Packplatz 09,5932,26.04.2022 16:45,437
288,Packplatz 06,7182,26.04.2022 15:57,259
486,Packplatz 09,6924,26.04.2022 16:28,349
498,Packplatz 08,6406,26.04.2022 16:01,133
981,Packplatz 04,1201,26.04.2022 12:32,334
599,Packplatz 01,3792,26.04.2022 13:10,299
945,Packplatz 03,2441,26.04.2022 18:23,125
513,Packplatz 01,5341,26.04.2022 18:15,499
822,Packplatz 05,2036,26.04.2022 15:46,471
623,Packplatz 06,9557,26.04.2022 18:13,112
176,Packplatz 07,4944,26.04.2022 18:00,159
728,Packplatz 03,7801,26.04.2022 13:54,479
187,Packplatz 07,4081,26.04.2022 14:32,83
208,Packplatz 04,2144,26.04.2022 17:42,51
648,Packplatz 07,6456,26.04.2022 20:02,436
361,Packplatz 08,6730,26.04.2022 18:46,317
302,Packplatz 05,4762,26.04.2022 18:15,176
128,Packplatz 05,4963,26.04.2022 16:46,284
482,Packplatz 02,1660,26.04.2022 14:16,263
605,Packplatz 09,4624,26.04.2022 14:55,136
630,Packplatz 06,9707,26.04.2022 17:23,284
641,Packplatz 07,8527,26.04.2022 14:31,452
672,Packplatz 01,3961,26.04.2022 14:52,319
401,Packplatz 03,5885,26.04.2022 16:22,79
166,Packplatz 08,4876,26.04.2022 16:21,213
124,Packplatz 09,3332,26.04.2022 19:15,105
198,Packplatz 05,3442,26.04.2022 16:34,210
737,Packplatz 02,7800,26.04.2022 20:15,486
805,Packplatz 06,8690,26.04.2022 13:42,389
534,Packplatz 01,2671,26.04.2022 16:41,304
633,Packplatz 06,4174,26.04.2022 15:11,226
813,Packplatz 08,2346,26.04.2022 15:40,39
688,Packplatz 04,2484,26.04.2022 17:00,361
570,Packplatz 08,4792,26.04.2022 12:37,323
538,Packplatz 03,9055,26.04.2022 15:32,335
216,Packplatz 02,5329,26.04.2022 15:51,305
301,Packplatz 05,1316,26.04.2022 17:40,301
767,Packplatz 01,3188,26.04.2022 17:24,98
758,Packplatz 08,6104,26.04.2022 15:28,125
393,Packplatz 01,8680,26.04.2022 14:17,331
571,Packplatz 02,5194,26.04.2022 18:47,405
476,Packplatz 02,9734,26.04.2022 17:42,497
938,Packplatz 10,4847,26.04.2022 14:07,429
825,Packplatz 07,3814,26.04.2022 16:47,288
970,Packplatz 10,4423,26.04.2022 20:59,79
402,Packplatz 07,4502,26.04.2022 17:54,79
439,Packplatz 10,6673,26.04.2022 17:11,158
587,Packplatz 09,7556,26.04.2022 14:25,9
483,Packplatz 02,3734,26.04.2022 15:06,175
369,Packplatz 08,7260,26.04.2022 16:50,233
700,Packplatz 07,2358,26.04.2022 13:52,138
847,Packplatz 04,2532,26.04.2022 15:23,27
457,Packplatz 08,8966,26.04.2022 16:25,99
308,Packplatz 05,2474,26.04.2022 18:20,32
294,Packplatz 03,6046,26.04.2022 11:47,277
464,Packplatz 03,7232,26.04.2022 15:13,222
317,Packplatz 03,4309,26.04.2022 16:34,146
297,Packplatz 02,8191,26.04.2022 19:23,169
193,Packplatz 04,5389,26.04.2022 18:45,425
957,Packplatz 09,3404,26.04.2022 19:05,202
104,Packplatz 01,4510,26.04.2022 17:14,409
487,Packplatz 07,6736,26.04.2022 21:17,119
912,Packplatz 08,5933,26.04.2022 17:54,325
706,Packplatz 10,7479,26.04.2022 16:40,356
458,Packplatz 10,3038,26.04.2022 16:19,193
448,Packplatz 04,6062,26.04.2022 14:04,124
688,Packplatz 01,9086,26.04.2022 19:00,277
965,Packplatz 09,1267,26.04.2022 19:48,483
701,Packplatz 03,6985,26.04.2022 21:06,441
860,Packplatz 07,9769,26.04.2022 16:32,255
698,Packplatz 10,4321,26.04.2022 17:59,70
800,Packplatz 10,5785,26.04.2022 15:11,252
593,Packplatz 09,5252,26.04.2022 16:24,356
610,Packplatz 06,1784,26.04.2022 14:33,400
536,Packplatz 08,4128,26.04.2022 15:28,391
565,Packplatz 09,1446,26.04.2022 15:20,223
276,Packplatz 08,6409,26.04.2022 16:49,399
656,Packplatz 02,8418,26.04.2022 12:34,287
480,Packplatz 06,8116,26.04.2022 19:13,344
303,Packplatz 09,4396,26.04.2022 18:06,422
644,Packplatz 07,5304,26.04.2022 19:41,310
707,Packplatz 02,2102,26.04.2022 16:47,465
782,Packplatz 10,2922,26.04.2022 12:29,31
533,Packplatz 09,4633,26.04.2022 12:05,217
640,Packplatz 06,2418,26.04.2022 11:49,447
719,Packplatz 10,4771,26.04.2022 13:02,322
849,Packplatz 04,4110,26.04.2022 14:15,443
952,Packplatz 02,5371,26.04.2022 20:21,188
224,Packplatz 03,5790,26.04.2022 11:26,10
376,Packplatz 07,8551,26.04.2022 17:13,131
747,Packplatz 04,7106,26.04.2022 17:59,88
399,Packplatz 02,4525,26.04.2022 17:20,399
749,Packplatz 08,1738,26.04.2022 16:40,105
531,Packplatz 02,2515,26.04.2022 13:42,81
897,Packplatz 07,8026,26.04.2022 19:58,471
723,Packplatz 06,2228,26.04.2022 16:13,250
356,Packplatz 08,4540,26.04.2022 14:34,277
162,Packplatz 04,4852,26.04.2022 15:42,376
541,Packplatz 09,1929,26.04.2022 17:22,87
414,Packplatz 05,6820,26.04.2022 12:10,111
385,Packplatz 08,2000,26.04.2022 19:41,368
244,Packplatz 05,4849,26.04.2022 16:53,451
878,Packplatz 10,4171,26.04.2022 17:16,229
534,Packplatz 09,4868,26.04.2022 18:03,181
474,Packplatz 03,2478,26.04.2022 12:36,44
719,Packplatz 01,4232,26.04.2022 15:34,77
315,Packplatz 09,1796,26.04.2022 16:23,101
500,Packplatz 06,5840,26.04.2022 19:26,269
969,Packplatz 08,8504,26.04.2022 12:49,389
535,Packplatz 09,7658,26.04.2022 15:45,438
332,Packplatz 02,5044,26.04.2022 18:01,234
985,Packplatz 05,9078,26.04.2022 16:11,144
429,Packplatz 09,7711,26.04.2022 16:35,181
464,Packplatz 04,9568,26.04.2022 12:14,282
956,Packplatz 01,7594,26.04.2022 15:58,280
167,Packplatz 10,4453,26.04.2022 16:57,228
938,Packplatz 06,3466,26.04.2022 19:27,129
215,Packplatz 03,2809,26.04.2022 12:44,283
800,Packplatz 01,1646,26.04.2022 18:16,126
487,Packplatz 06,3629,26.04.2022 19:07,27
859,Packplatz 04,7753,26.04.2022 11:58,106
555,Packplatz 08,8200,26.04.2022 14:02,478
742,Packplatz 01,8944,26.04.2022 19:16,463
333,Packplatz 10,1226,26.04.2022 20:51,227
531,Packplatz 09,3981,26.04.2022 16:12,39
660,Packplatz 06,9718,26.04.2022 16:01,114
203,Packplatz 06,7254,26.04.2022 17:35,490
308,Packplatz 08,7146,26.04.2022 18:12,277
287,Packplatz 07,2503,26.04.2022 17:51,79
967,Packplatz 06,4465,26.04.2022 13:55,159
790,Packplatz 08,7824,26.04.2022 17:54,48
133,Packplatz 04,5668,26.04.2022 14:21,67
465,Packplatz 07,5414,26.04.2022 16:09,31
573,Packplatz 10,1792,26.04.2022 17:50,136
384,Packplatz 06,5608,26.04.2022 18:16,405
720,Packplatz 07,5650,26.04.2022 18:52,92
200,Packplatz 05,3304,26.04.2022 18:12,423
952,Packplatz 07,9161,26.04.2022 19:04,240
273,Packplatz 07,4922,26.04.2022 20:00,201
957,Packplatz 04,3838,26.04.2022 19:23,177
433,Packplatz 09,4373,26.04.2022 12:20,14
306,Packplatz 08,3204,26.04.2022 13:21,317
436,Packplatz 03,2074,26.04.2022 15:22,95
137,Packplatz 06,2326,26.04.2022 14:29,215
119,Packplatz 07,4627,26.04.2022 14:19,385
976,Packplatz 03,3204,26.04.2022 16:04,358
107,Packplatz 07,4108,26.04.2022 12:32,374
333,Packplatz 05,8382,26.04.2022 16:51,400
446,Packplatz 02,5490,26.04.2022 16:18,167
757,Packplatz 09,9728,26.04.2022 17:12,320
133,Packplatz 03,4672,26.04.2022 16:57,173
371,Packplatz 05,2101,26.04.2022 20:27,208
270,Packplatz 02,1226,26.04.2022 15:47,22
603,Packplatz 03,6974,26.04.2022 16:32,353
845,Packplatz 05,2401,26.04.2022 17:26,358
389,Packplatz 02,2943,26.04.2022 16:32,50
689,Packplatz 09,2211,26.04.2022 21:05,117
314,Packplatz 08,2110,26.04.2022 13:36,235
240,Packplatz 08,9019,26.04.2022 19:21,291
848,Packplatz 03,1748,26.04.2022 15:00,153
206,Packplatz 08,9330,26.04.2022 17:52,350
903,Packplatz 06,8389,26.04.2022 17:01,434
260,Packplatz 07,8054,26.04.2022 11:11,189
317,Packplatz 07,1921,26.04.2022 14:29,482
457,Packplatz 02,5887,26.04.2022 16:25,19
882,Packplatz 06,5928,26.04.2022 20:10,241
316,Packplatz 03,3637,26.04.2022 17:22,51
361,Packplatz 10,3117,26.04.2022 18:48,201
217,Packplatz 01,4210,26.04.2022 14:37,76
712,Packplatz 09,6335,26.04.2022 12:12,27
161,Packplatz 09,2132,26.04.2022 13:15,267
854,Packplatz 01,9171,26.04.2022 21:40,460
435,Packplatz 06,3436,26.04.2022 16:13,442
561,Packplatz 02,7372,26.04.2022 15:33,453
109,Packplatz 04,9556,26.04.2022 16:51,438
898,Packplatz 06,5510,26.04.2022 15:17,383
943,Packplatz 05,1202,26.04.2022 12:49,98
508,Packplatz 01,8287,26.04.2022 16:30,272
459,Packplatz 08,4312,26.04.2022 19:20,497
437,Packplatz 05,8614,26.04.2022 15:09,480
502,Packplatz 04,4222,26.04.2022 17:42,276
986,Packplatz 09,2914,26.04.2022 14:43,118
692,Packplatz 10,6030,26.04.2022 15:35,56
228,Packplatz 08,5984,26.04.2022 17:53,141
832,Packplatz 04,8422,26.04.2022 20:24,327
346,Packplatz 07,5364,26.04.2022 17:40,427
891,Packplatz 03,4309,26.04.2022 17:16,483
113,Packplatz 01,5266,26.04.2022 20:11,451
774,Packplatz 09,1998,26.04.2022 17:45,324
596,Packplatz 06,5644,26.04.2022 14:59,474
606,Packplatz 01,8724,26.04.2022 18:35,324
805,Packplatz 04,6091,26.04.2022 17:12,110
301,Packplatz 04,4969,26.04.2022 10:45,63
212,Packplatz 03,3908,26.04.2022 21:10,445
133,Packplatz 03,6578,26.04.2022 16:32,422
310,Packplatz 06,9418,26.04.2022 20:57,221
471,Packplatz 10,8477,26.04.2022 18:02,213
215,Packplatz 07,8053,26.04.2022 17:43,169
138,Packplatz 10,6883,26.04.2022 10:58,37
574,Packplatz 06,4831,26.04.2022 21:14,258
353,Packplatz 03,2710,26.04.2022 17:17,401
753,Packplatz 06,1733,26.04.2022 19:10,431
773,Packplatz 06,4406,26.04.2022 18:50,413
929,Packplatz 08,9919,26.04.2022 16:32,27
446,Packplatz 10,4590,26.04.2022 16:35,230
303,Packplatz 08,3196,26.04.2022 16:10,159
831,Packplatz 06,9910,26.04.2022 16:43,195
708,Packplatz 06,2335,26.04.2022 15:46,297
954,Packplatz 03,6580,26.04.2022 11:41,453
589,Packplatz 01,7060,26.04.2022 19:02,246
343,Packplatz 06,5677,26.04.2022 17:12,355
592,Packplatz 08,9110,26.04.2022 15:09,453
622,Packplatz 03,7231,26.04.2022 14:31,417
592,Packplatz 08,4996,26.04.2022 18:33,471
454,Packplatz 01,4027,26.04.2022 17:52,58
371,Packplatz 02,5901,26.04.2022 13:16,372
170,Packplatz 09,6216,26.04.2022 18:15,189
551,Packplatz 10,2884,26.04.2022 15:48,245
142,Packplatz 10,1962,26.04.2022 16:53,293
549,Packplatz 07,3870,26.04.2022 17:50,399
388,Packplatz 01,2396,26.04.2022 17:20,350
506,Packplatz 06,8732,26.04.2022 19:57,195
800,Packplatz 10,1015,26.04.2022 15:11,306
201,Packplatz 06,3657,26.04.2022 14:55,117
747,Packplatz 09,7150,26.04.2022 16:38,359
345,Packplatz 08,5077,26.04.2022 18:34,89
632,Packplatz 04,9802,26.04.2022 14:47,422
762,Packplatz 05,7672,26.04.2022 17:05,38
892,Packplatz 06,3100,26.04.2022 17:51,415
101,Packplatz 02,7082,26.04.2022 18:15,374
573,Packplatz 02,9756,26.04.2022 16:12,411
491,Packplatz 05,6292,26.04.2022 16:47,495
748,Packplatz 04,4720,26.04.2022 15:32,238
951,Packplatz 07,1342,26.04.2022 17:43,69
474,Packplatz 08,6577,26.04.2022 15:26,152
739,Packplatz 10,6905,26.04.2022 14:58,434
674,Packplatz 07,3160,26.04.2022 13:53,325
701,Packplatz 10,2340,26.04.2022 17:58,270
722,Packplatz 05,2456,26.04.2022 18:31,427
924,Packplatz 03,3804,26.04.2022 16:42,435
158,Packplatz 07,1519,26.04.2022 14:30,321
129,Packplatz 06,4804,26.04.2022 12:22,298
845,Packplatz 09,7998,26.04.2022 19:20,430
320,Packplatz 08,1082,26.04.2022 17:13,250
442,Packplatz 08,7969,26.04.2022 15:48,478
271,Packplatz 04,1290,26.04.2022 13:33,264
179,Packplatz 02,2689,26.04.2022 15:41,438
379,Packplatz 10,5728,26.04.2022 17:47,401
137,Packplatz 04,3616,26.04.2022 14:12,391
854,Packplatz 03,8576,26.04.2022 16:05,89
864,Packplatz 10,1468,26.04.2022 14:19,92
949,Packplatz 05,9596,26.04.2022 18:40,248
121,Packplatz 09,5744,26.04.2022 18:37,116
525,Packplatz 06,7954,26.04.2022 15:02,435
613,Packplatz 05,5557,26.04.2022 15:17,418
458,Packplatz 04,1947,26.04.2022 16:58,236
256,Packplatz 08,7827,26.04.2022 14:36,164
809,Packplatz 09,8281,26.04.2022 18:57,169
345,Packplatz 10,4232,26.04.2022 14:18,193
946,Packplatz 04,5774,26.04.2022 14:30,312
382,Packplatz 10,1098,26.04.2022 15:56,8
696,Packplatz 07,7644,26.04.2022 17:56,272
184,Packplatz 08,4348,26.04.2022 16:17,405
865,Packplatz 05,1156,26.04.2022 18:31,61
173,Packplatz 06,6969,26.04.2022 15:57,256
240,Packplatz 03,9160,26.04.2022 16:33,246
914,Packplatz 07,4234,26.04.2022 14:32,481
485,Packplatz 05,7284,26.04.2022 16:13,109
925,Packplatz 10,6664,26.04.2022 15:11,45
845,Packplatz 08,1432,26.04.2022 16:04,140
806,Packplatz 07,9202,26.04.2022 14:47,66
864,Packplatz 10,6600,26.04.2022 13:39,164
198,Packplatz 03,6976,26.04.2022 16:03,21
169,Packplatz 09,3444,26.04.2022 13:09,416
405,Packplatz 04,7558,26.04.2022 20:11,485
826,Packplatz 08,7615,26.04.2022 17:53,408
362,Packplatz 04,7722,26.04.2022 15:43,385
303,Packplatz 04,5108,26.04.2022 18:44,197
373,Packplatz 06,9937,26.04.2022 15:28,246
128,Packplatz 09,3880,26.04.2022 19:15,234
674,Packplatz 05,8287,26.04.2022 15:50,486
562,Packplatz 09,9924,26.04.2022 18:23,31
542,Packplatz 09,3740,26.04.2022 22:13,286
646,Packplatz 08,2890,26.04.2022 13:23,207
982,Packplatz 06,3286,26.04.2022 13:24,313
211,Packplatz 06,4412,26.04.2022 16:40,46
905,Packplatz 04,5664,26.04.2022 17:11,296
458,Packplatz 10,7514,26.04.2022 18:34,52
519,Packplatz 07,9390,26.04.2022 18:12,465
620,Packplatz 02,4931,26.04.2022 18:15,319
738,Packplatz 10,9276,26.04.2022 18:11,101
389,Packplatz 02,2866,26.04.2022 17:13,239
163,Packplatz 05,2392,26.04.2022 13:38,89
821,Packplatz 03,6610,26.04.2022 18:28,496
223,Packplatz 04,7347,26.04.2022 19:10,202
935,Packplatz 08,5827,26.04.2022 18:54,324
684,Packplatz 08,7891,26.04.2022 14:39,247
311,Packplatz 08,8674,26.04.2022 14:43,4
946,Packplatz 06,6916,26.04.2022 13:34,448
291,Packplatz 06,6006,26.04.2022 15:02,187
914,Packplatz 04,8650,26.04.2022 16:44,333
101,Packplatz 01,6581,26.04.2022 16:39,454
719,Packplatz 09,1665,26.04.2022 15:24,219
481,Packplatz 04,4405,26.04.2022 20:05,388
596,Packplatz 10,2759,26.04.2022 17:37,131
816,Packplatz 10,4581,26.04.2022 16:45,316
883,Packplatz 04,9007,26.04.2022 17:29,74
799,Packplatz 01,2911,26.04.2022 18:19,89
860,Packplatz 10,2875,26.04.2022 11:00,296
548,Packplatz 01,4400,26.04.2022 16:51,265
241,Packplatz 03,7736,26.04.2022 12:54,137
987,Packplatz 04,7880,26.04.2022 17:30,96
406,Packplatz 09,8242,26.04.2022 19:00,189
213,Packplatz 04,4230,26.04.2022 15:04,128
811,Packplatz 05,8544,26.04.2022 15:26,219
518,Packplatz 02,6354,26.04.2022 15:13,159
599,Packplatz 04,5547,26.04.2022 18:56,106
550,Packplatz 09,6338,26.04.2022 15:13,26
429,Packplatz 07,7633,26.04.2022 14:37,221
411,Packplatz 05,7177,26.04.2022 17:00,27
991,Packplatz 09,9973,26.04.2022 18:28,408
598,Packplatz 04,2758,26.04.2022 15:50,211
588,Packplatz 08,4016,26.04.2022 15:49,477
921,Packplatz 10,1784,26.04.2022 14:06,473
523,Packplatz 07,8914,26.04.2022 16:05,202
919,Packplatz 07,2717,26.04.2022 16:57,231
894,Packplatz 04,1811,26.04.2022 11:33,322
563,Packplatz 10,3874,26.04.2022 16:47,134
815,Packplatz 02,6223,26.04.2022 16:09,221
746,Packplatz 10,5672,26.04.2022 15:12,328
466,Packplatz 05,2367,26.04.2022 14:21,427
893,Packplatz 02,1974,26.04.2022 12:30,497
292,Packplatz 03,3537,26.04.2022 15:37,33
640,Packplatz 05,9980,26.04.2022 18:52,491
218,Packplatz 08,1308,26.04.2022 19:19,165
771,Packplatz 05,2897,26.04.2022 18:13,210
989,Packplatz 08,7544,26.04.2022 17:02,333
302,Packplatz 01,1010,26.04.2022 17:05,65
532,Packplatz 05,2941,26.04.2022 19:05,186
351,Packplatz 08,3103,26.04.2022 13:30,385
751,Packplatz 06,8556,26.04.2022 14:50,355
536,Packplatz 02,5632,26.04.2022 18:46,174
425,Packplatz 08,9214,26.04.2022 16:12,354
148,Packplatz 06,7028,26.04.2022 14:30,394
298,Packplatz 01,5180,26.04.2022 11:16,480
605,Packplatz 04,3738,26.04.2022 19:49,276
140,Packplatz 09,4648,26.04.2022 18:20,297
820,Packplatz 07,3283,26.04.2022 18:04,268
461,Packplatz 02,9340,26.04.2022 16:45,418
950,Packplatz 04,6738,26.04.2022 12:45,139
933,Packplatz 08,1573,26.04.2022 18:58,1
177,Packplatz 10,3106,26.04.2022 14:26,130
817,Packplatz 07,3907,26.04.2022 13:00,312
532,Packplatz 07,3973,26.04.2022 11:04,400
825,Packplatz 09,2383,26.04.2022 12:21,449
171,Packplatz 02,1593,26.04.2022 11:58,3
942,Packplatz 01,1142,26.04.2022 19:41,399
119,Packplatz 01,9086,26.04.2022 15:01,230
899,Packplatz 03,1456,26.04.2022 17:13,224
384,Packplatz 10,5128,26.04.2022 13:47,137
290,Packplatz 06,3340,26.04.2022 19:30,310
907,Packplatz 02,9748,26.04.2022 12:31,424
814,Packplatz 03,2310,26.04.2022 18:22,74
771,Packplatz 02,4450,26.04.2022 15:28,420
477,Packplatz 09,9454,26.04.2022 12:55,126
128,Packplatz 06,3864,26.04.2022 17:46,484
546,Packplatz 01,5260,26.04.2022 17:56,194
348,Packplatz 07,4622,26.04.2022 14:51,175
561,Packplatz 02,6894,26.04.2022 16:10,302
366,Packplatz 04,8298,26.04.2022 12:22,301
681,Packplatz 04,6083,26.04.2022 14:52,233
459,Packplatz 05,7340,26.04.2022 17:27,105
607,Packplatz 01,1998,26.04.2022 16:07,72
451,Packplatz 10,2788,26.04.2022 17:53,449
369,Packplatz 09,8824,26.04.2022 17:39,92
193,Packplatz 03,9365,26.04.2022 12:51,178
611,Packplatz 03,2995,26.04.2022 16:39,230
666,Packplatz 03,2566,26.04.2022 17:54,141
955,Packplatz 05,6637,26.04.2022 17:13,25
802,Packplatz 03,6680,26.04.2022 16:13,55
278,Packplatz 01,8306,26.04.2022 14:22,445
563,Packplatz 08,3193,26.04.2022 17:41,371
341,Packplatz 05,6119,26.04.2022 13:38,335
280,Packplatz 08,7265,26.04.2022 16:28,415
627,Packplatz 09,4120,26.04.2022 17:36,216
380,Packplatz 04,3210,26.04.2022 17:17,135
177,Packplatz 10,3818,26.04.2022 16:14,81
795,Packplatz 04,1158,26.04.2022 17:11,25
701,Packplatz 04,9544,26.04.2022 14:56,418
617,Packplatz 02,7742,26.04.2022 21:27,256
992,Packplatz 03,4470,26.04.2022 18:12,442
663,Packplatz 06,8512,26.04.2022 16:08,460
509,Packplatz 07,5450,26.04.2022 14:11,464
461,Packplatz 06,7386,26.04.2022 14:37,305
850,Packplatz 06,2562,26.04.2022 17:05,448
750,Packplatz 06,7795,26.04.2022 15:42,114
617,Packplatz 02,4242,26.04.2022 18:59,380
184,Packplatz 05,5281,26.04.2022 14:57,87
927,Packplatz 10,7947,26.04.2022 15:32,406
431,Packplatz 08,2065,26.04.2022 16:53,66
928,Packplatz 06,3564,26.04.2022 17:10,110
437,Packplatz 10,1581,26.04.2022 18:48,109
147,Packplatz 01,1189,26.04.2022 19:06,471
430,Packplatz 10,3367,26.04.2022 16:18,250
235,Packplatz 03,3788,26.04.2022 20:36,140
456,Packplatz 03,6658,26.04.2022 17:16,417
862,Packplatz 04,6600,26.04.2022 15:54,203
318,Packplatz 09,2542,26.04.2022 18:01,390
597,Packplatz 03,9526,26.04.2022 19:37,256
385,Packplatz 08,7591,26.04.2022 13:25,349
563,Packplatz 01,2146,26.04.2022 17:17,249
236,Packplatz 07,1114,26.04.2022 20:52,216
313,Packplatz 07,9938,26.04.2022 16:58,138
979,Packplatz 06,8748,26.04.2022 18:40,344
883,Packplatz 06,1885,26.04.2022 15:51,296
139,Packplatz 03,3704,26.04.2022 18:05,211
103,Packplatz 01,8978,26.04.2022 14:39,478
183,Packplatz 09,1883,26.04.2022 18:58,13
195,Packplatz 01,8066,26.04.2022 21:09,342
674,Packplatz 02,7817,26.04.2022 15:34,22
542,Packplatz 06,7894,26.04.2022 16:57,491
728,Packplatz 03,7384,26.04.2022 14:26,356
712,Packplatz 03,8425,26.04.2022 15:17,168
185,Packplatz 09,9526,26.04.2022 13:40,355
162,Packplatz 07,6372,26.04.2022 17:32,22
719,Packplatz 03,8737,26.04.2022 17:00,125
867,Packplatz 08,2949,26.04.2022 15:32,372
222,Packplatz 04,4617,26.04.2022 13:22,218
620,Packplatz 09,6294,26.04.2022 18:06,496
660,Packplatz 06,1892,26.04.2022 17:08,198
641,Packplatz 02,3370,26.04.2022 16:17,78
816,Packplatz 08,2146,26.04.2022 18:20,20
126,Packplatz 10,6378,26.04.2022 15:35,178
883,Packplatz 04,4478,26.04.2022 13:46,359
556,Packplatz 05,3808,26.04.2022 19:55,60
780,Packplatz 10,8550,26.04.2022 18:12,229
961,Packplatz 07,5566,26.04.2022 12:59,411
505,Packplatz 08,1259,26.04.2022 16:33,72
641,Packplatz 06,1105,26.04.2022 17:49,385
979,Packplatz 08,7282,26.04.2022 20:07,11
319,Packplatz 01,3782,26.04.2022 12:12,400
753,Packplatz 05,3331,26.04.2022 19:01,419
986,Packplatz 08,6846,26.04.2022 12:33,348
187,Packplatz 02,8773,26.04.2022 15:21,25
826,Packplatz 06,8292,26.04.2022 14:40,44
754,Packplatz 04,7182,26.04.2022 14:56,460
902,Packplatz 02,4453,26.04.2022 13:00,441
552,Packplatz 08,5478,26.04.2022 13:17,295
513,Packplatz 04,7110,26.04.2022 17:35,298
392,Packplatz 01,2816,26.04.2022 14:25,116
129,Packplatz 08,1515,26.04.2022 11:01,454
612,Packplatz 10,5581,26.04.2022 18:49,488
625,Packplatz 02,9922,26.04.2022 20:05,474
720,Packplatz 08,5324,26.04.2022 14:29,163
710,Packplatz 03,9508,26.04.2022 14:47,339
470,Packplatz 07,2788,26.04.2022 12:56,430
229,Packplatz 06,2368,26.04.2022 16:04,231
898,Packplatz 08,5427,26.04.2022 15:47,194
804,Packplatz 06,9874,26.04.2022 11:29,452
138,Packplatz 09,3397,26.04.2022 15:43,351
281,Packplatz 06,3882,26.04.2022 14:45,264
451,Packplatz 10,2905,26.04.2022 14:08,352
532,Packplatz 02,1311,26.04.2022 23:09,360
135,Packplatz 01,8216,26.04.2022 18:21,256
113,Packplatz 10,8722,26.04.2022 14:46,333
850,Packplatz 09,2624,26.04.2022 21:33,176
274,Packplatz 04,5293,26.04.2022 17:56,197
323,Packplatz 10,2512,26.04.2022 16:57,437
608,Packplatz 08,2911,26.04.2022 19:12,36
594,Packplatz 02,4675,26.04.2022 15:42,224
346,Packplatz 10,1888,26.04.2022 20:10,139
287,Packplatz 02,9259,26.04.2022 19:32,296
761,Packplatz 07,6724,26.04.2022 18:57,34
314,Packplatz 01,8070,26.04.2022 15:23,191
985,Packplatz 10,4974,26.04.2022 21:56,282
234,Packplatz 06,4895,26.04.2022 14:18,178
114,Packplatz 10,8695,26.04.2022 13:08,485
547,Packplatz 09,5576,26.04.2022 18:10,147
541,Packplatz 10,7097,26.04.2022 19:11,153
430,Packplatz 02,8260,26.04.2022 14:42,250
555,Packplatz 03,9325,26.04.2022 14:44,176
784,Packplatz 09,7147,26.04.2022 19:10,98
972,Packplatz 07,4456,26.04.2022 14:15,292
619,Packplatz 06,4897,26.04.2022 16:57,328
306,Packplatz 07,5996,26.04.2022 21:40,464
784,Packplatz 01,6748,26.04.2022 17:33,248
452,Packplatz 03,2662,26.04.2022 17:46,83
983,Packplatz 10,7296,26.04.2022 12:47,438
287,Packplatz 06,2172,26.04.2022 16:25,318
340,Packplatz 03,1520,26.04.2022 14:56,81
836,Packplatz 09,3172,26.04.2022 19:31,213
883,Packplatz 07,7591,26.04.2022 19:37,68
360,Packplatz 04,4282,26.04.2022 20:27,256
567,Packplatz 07,9799,26.04.2022 14:42,138
241,Packplatz 07,8844,26.04.2022 14:44,101
909,Packplatz 08,3477,26.04.2022 17:59,50
142,Packplatz 02,7842,26.04.2022 16:30,336
415,Packplatz 02,5702,26.04.2022 17:04,332
779,Packplatz 09,7534,26.04.2022 20:54,496
135,Packplatz 08,4792,26.04.2022 21:16,26
464,Packplatz 04,3069,26.04.2022 18:44,146
843,Packplatz 01,4502,26.04.2022 19:26,308
351,Packplatz 07,3512,26.04.2022 13:58,104
634,Packplatz 10,7360,26.04.2022 18:20,382
230,Packplatz 08,1699,26.04.2022 12:59,274
904,Packplatz 08,8591,26.04.2022 18:51,373
414,Packplatz 08,3331,26.04.2022 16:35,171
552,Packplatz 02,1450,26.04.2022 17:06,243
996,Packplatz 01,2080,26.04.2022 15:53,122
652,Packplatz 06,1669,26.04.2022 16:45,394
995,Packplatz 08,1408,26.04.2022 15:24,97
952,Packplatz 08,3106,26.04.2022 16:26,251
760,Packplatz 07,3790,26.04.2022 16:55,493
882,Packplatz 03,3726,26.04.2022 20:44,491
696,Packplatz 07,8218,26.04.2022 18:01,74
350,Packplatz 01,1105,26.04.2022 18:43,81
227,Packplatz 01,1021,26.04.2022 15:12,183
280,Packplatz 09,8796,26.04.2022 16:32,271
912,Packplatz 10,4102,26.04.2022 18:22,396
412,Packplatz 05,3601,26.04.2022 19:53,272
198,Packplatz 09,1975,26.04.2022 12:23,387
228,Packplatz 03,2393,26.04.2022 15:02,47
145,Packplatz 02,9426,26.04.2022 10:59,154
889,Packplatz 01,8006,26.04.2022 15:30,344
237,Packplatz 03,1007,26.04.2022 17:40,376
673,Packplatz 08,6948,26.04.2022 16:40,360
956,Packplatz 07,5164,26.04.2022 17:30,262
512,Packplatz 07,1362,26.04.2022 17:49,259
570,Packplatz 10,6709,26.04.2022 16:09,494
230,Packplatz 09,7747,26.04.2022 19:03,220
691,Packplatz 06,8568,26.04.2022 16:13,98
986,Packplatz 07,7981,26.04.2022 15:10,302
939,Packplatz 07,6560,26.04.2022 18:17,133
243,Packplatz 01,4207,26.04.2022 18:13,128
152,Packplatz 02,5088,26.04.2022 18:06,106
294,Packplatz 07,4520,26.04.2022 20:33,317
924,Packplatz 09,2071,26.04.2022 16:56,308
687,Packplatz 01,8352,26.04.2022 17:12,206
735,Packplatz 03,6085,26.04.2022 15:56,371
763,Packplatz 10,3054,26.04.2022 16:11,170
264,Packplatz 10,2899,26.04.2022 14:41,293
103,Packplatz 06,1159,26.04.2022 12:56,53
933,Packplatz 07,8689,26.04.2022 13:32,31
572,Packplatz 08,6638,26.04.2022 14:55,111
419,Packplatz 09,9505,26.04.2022 15:29,225
433,Packplatz 07,1420,26.04.2022 12:13,404
328,Packplatz 08,6388,26.04.2022 14:08,491
612,Packplatz 09,4672,26.04.2022 14:18,110
362,Packplatz 06,2824,26.04.2022 18:49,441
349,Packplatz 04,2288,26.04.2022 13:46,311
925,Packplatz 10,1828,26.04.2022 16:28,214
492,Packplatz 10,7658,26.04.2022 19:52,3
124,Packplatz 02,4016,26.04.2022 17:35,115
318,Packplatz 08,2386,26.04.2022 15:59,198
201,Packplatz 08,1982,26.04.2022 19:10,373
963,Packplatz 05,3818,26.04.2022 15:23,470
931,Packplatz 02,6532,26.04.2022 13:34,297
325,Packplatz 09,3571,26.04.2022 17:21,88
883,Packplatz 04,7660,26.04.2022 14:42,160
988,Packplatz 02,6883,26.04.2022 16:33,117
840,Packplatz 04,5388,26.04.2022 20:23,31
691,Packplatz 01,6232,26.04.2022 14:05,124
400,Packplatz 03,8218,26.04.2022 16:04,287
549,Packplatz 07,6390,26.04.2022 13:09,43
239,Packplatz 02,8632,26.04.2022 17:40,68
499,Packplatz 02,3559,26.04.2022 18:29,326
995,Packplatz 08,5989,26.04.2022 17:22,279
726,Packplatz 10,6922,26.04.2022 12:47,230
263,Packplatz 09,8667,26.04.2022 14:40,259
663,Packplatz 06,1276,26.04.2022 14:29,150
292,Packplatz 08,9696,26.04.2022 15:05,124
101,Packplatz 09,8131,26.04.2022 18:16,304
747,Packplatz 05,3739,26.04.2022 16:59,263
623,Packplatz 05,4810,26.04.2022 15:52,359
567,Packplatz 08,3181,26.04.2022 15:54,436
145,Packplatz 07,2722,26.04.2022 15:48,490
295,Packplatz 04,8854,26.04.2022 17:15,13
888,Packplatz 07,3886,26.04.2022 16:45,292
196,Packplatz 01,3906,26.04.2022 14:58,100
719,Packplatz 08,4340,26.04.2022 16:38,498
498,Packplatz 09,9710,26.04.2022 16:44,104
258,Packplatz 07,3034,26.04.2022 16:17,424
604,Packplatz 04,3622,26.04.2022 13:10,489
742,Packplatz 02,5332,26.04.2022 16:19,146
467,Packplatz 01,1448,26.04.2022 15:30,144
525,Packplatz 08,8578,26.04.2022 17:47,92
976,Packplatz 07,7234,26.04.2022 14:06,308
602,Packplatz 03,4492,26.04.2022 15:44,351
848,Packplatz 05,2821,26.04.2022 16:30,135
646,Packplatz 02,4015,26.04.2022 20:26,50
109,Packplatz 10,4894,26.04.2022 15:05,43
704,Packplatz 04,1622,26.04.2022 16:56,450
236,Packplatz 02,2628,26.04.2022 12:37,103
976,Packplatz 06,1171,26.04.2022 15:47,340
885,Packplatz 01,4885,26.04.2022 19:05,382
794,Packplatz 03,7201,26.04.2022 19:19,228
966,Packplatz 04,3278,26.04.2022 12:55,412
537,Packplatz 04,2181,26.04.2022 13:44,369
763,Packplatz 04,4587,26.04.2022 17:59,396
760,Packplatz 05,4446,26.04.2022 18:24,62
474,Packplatz 01,4466,26.04.2022 18:55,169
889,Packplatz 08,2364,26.04.2022 13:58,267
315,Packplatz 07,2773,26.04.2022 17:34,125
320,Packplatz 03,9376,26.04.2022 19:24,428
600,Packplatz 01,5108,26.04.2022 20:14,433
872,Packplatz 05,7313,26.04.2022 17:59,32
538,Packplatz 01,3913,26.04.2022 17:00,471
243,Packplatz 10,8566,26.04.2022 18:46,117
979,Packplatz 10,5670,26.04.2022 20:04,457
396,Packplatz 04,2492,26.04.2022 15:59,262
239,Packplatz 04,9322,26.04.2022 14:15,407
817,Packplatz 10,5882,26.04.2022 15:54,322
198,Packplatz 09,1954,26.04.2022 18:42,308
857,Packplatz 10,5100,26.04.2022 18:20,359
732,Packplatz 03,9516,26.04.2022 14:33,287
446,Packplatz 08,8634,26.04.2022 19:01,178
796,Packplatz 02,4390,26.04.2022 15:11,107
919,Packplatz 02,3766,26.04.2022 17:15,486
151,Packplatz 01,5803,26.04.2022 18:12,342
180,Packplatz 03,5979,26.04.2022 14:57,184
191,Packplatz 01,4284,26.04.2022 13:11,380
496,Packplatz 08,5102,26.04.2022 16:36,116
660,Packplatz 10,9772,26.04.2022 17:32,415
507,Packplatz 09,8587,26.04.2022 15:08,322
934,Packplatz 06,8992,26.04.2022 14:33,122
263,Packplatz 02,8113,26.04.2022 18:00,40
249,Packplatz 06,9398,26.04.2022 14:30,122
291,Packplatz 04,2029,26.04.2022 16:11,199
260,Packplatz 07,4156,26.04.2022 21:33,255
300,Packplatz 01,8086,26.04.2022 17:34,383
298,Packplatz 08,3212,26.04.2022 14:23,134
341,Packplatz 10,6306,26.04.2022 16:13,305
224,Packplatz 09,1728,26.04.2022 14:06,4
117,Packplatz 09,5406,26.04.2022 17:40,384
610,Packplatz 05,3715,26.04.2022 18:07,226
783,Packplatz 04,2894,26.04.2022 15:03,154
888,Packplatz 09,7111,26.04.2022 11:08,402
799,Packplatz 01,5164,26.04.2022 16:15,337
935,Packplatz 03,3818,26.04.2022 18:36,263
106,Packplatz 02,2856,26.04.2022 18:20,297
762,Packplatz 04,5850,26.04.2022 11:23,417
977,Packplatz 04,7838,26.04.2022 20:44,335
523,Packplatz 03,6094,26.04.2022 20:23,438
202,Packplatz 07,6692,26.04.2022 13:52,368
451,Packplatz 03,5084,26.04.2022 15:17,75
753,Packplatz 06,9478,26.04.2022 15:47,425
128,Packplatz 08,3908,26.04.2022 20:25,120
543,Packplatz 01,9499,26.04.2022 15:11,361
983,Packplatz 10,2298,26.04.2022 11:36,58
366,Packplatz 03,9558,26.04.2022 18:08,445
404,Packplatz 03,7996,26.04.2022 16:13,460
480,Packplatz 07,4852,26.04.2022 14:41,202
707,Packplatz 04,3812,26.04.2022 13:40,173
492,Packplatz 01,2158,26.04.2022 17:46,479
510,Packplatz 02,8143,26.04.2022 16:49,191
826,Packplatz 08,2244,26.04.2022 19:18,170
265,Packplatz 04,1746,26.04.2022 16:32,353
916,Packplatz 05,4990,26.04.2022 13:03,266
684,Packplatz 09,6520,26.04.2022 15:39,79
527,Packplatz 03,2284,26.04.2022 17:45,46
504,Packplatz 10,9117,26.04.2022 15:48,478
145,Packplatz 10,6379,26.04.2022 14:52,300
831,Packplatz 02,5886,26.04.2022 20:35,498
980,Packplatz 07,7540,26.04.2022 16:04,339
172,Packplatz 06,1690,26.04.2022 17:26,276
625,Packplatz 10,6601,26.04.2022 13:20,204
982,Packplatz 04,4094,26.04.2022 19:00,408
315,Packplatz 05,9249,26.04.2022 13:00,330
640,Packplatz 09,8995,26.04.2022 16:19,301
393,Packplatz 08,6280,26.04.2022 17:24,242
430,Packplatz 08,8425,26.04.2022 14:39,233
887,Packplatz 05,2314,26.04.2022 17:51,381
116,Packplatz 02,6022,26.04.2022 15:09,294
955,Packplatz 09,1303,26.04.2022 15:50,467
934,Packplatz 06,6673,26.04.2022 17:53,420
108,Packplatz 02,3803,26.04.2022 14:17,261
683,Packplatz 06,2107,26.04.2022 17:19,232
339,Packplatz 07,6543,26.04.2022 13:35,120
417,Packplatz 09,9184,26.04.2022 18:31,348
225,Packplatz 10,4152,26.04.2022 14:55,265
249,Packplatz 10,9282,26.04.2022 16:26,236
186,Packplatz 10,6472,26.04.2022 17:40,67
910,Packplatz 03,2827,26.04.2022 18:27,114
896,Packplatz 06,9696,26.04.2022 13:45,378
173,Packplatz 06,5672,26.04.2022 13:08,250
233,Packplatz 08,6295,26.04.2022 16:27,296
877,Packplatz 02,7405,26.04.2022 15:45,117
872,Packplatz 07,5071,26.04.2022 17:45,375
791,Packplatz 08,1357,26.04.2022 17:06,205
221,Packplatz 08,6310,26.04.2022 13:49,197
538,Packplatz 03,7728,26.04.2022 15:16,284
311,Packplatz 06,9299,26.04.2022 14:42,323
884,Packplatz 10,3217,26.04.2022 14:16,73
765,Packplatz 03,5520,26.04.2022 14:30,338
409,Packplatz 04,9862,26.04.2022 13:29,392
171,Packplatz 01,7819,26.04.2022 19:15,455
631,Packplatz 02,6214,26.04.2022 16:21,423
422,Packplatz 05,1210,26.04.2022 11:54,145
250,Packplatz 01,8824,26.04.2022 17:15,304
314,Packplatz 04,3535,26.04.2022 15:55,489
273,Packplatz 05,6658,26.04.2022 14:53,187
337,Packplatz 05,7432,26.04.2022 14:43,331
647,Packplatz 09,8659,26.04.2022 16:19,95
297,Packplatz 02,2896,26.04.2022 20:13,497
794,Packplatz 10,1206,26.04.2022 16:41,237
446,Packplatz 04,6352,26.04.2022 16:09,330
954,Packplatz 03,6061,26.04.2022 19:12,268
415,Packplatz 02,3146,26.04.2022 18:59,487
950,Packplatz 01,5022,26.04.2022 16:13,50
973,Packplatz 01,1408,26.04.2022 15:52,362
961,Packplatz 01,4402,26.04.2022 16:49,91
132,Packplatz 07,6336,26.04.2022 18:42,466
238,Packplatz 08,1303,26.04.2022 16:14,451
510,Packplatz 03,5979,26.04.2022 16:28,76
654,Packplatz 02,6892,26.04.2022 15:59,4
632,Packplatz 01,8149,26.04.2022 13:23,256
247,Packplatz 05,7374,26.04.2022 18:06,452
105,Packplatz 02,5550,26.04.2022 16:36,431
230,Packplatz 04,6325,26.04.2022 16:20,297
814,Packplatz 08,4374,26.04.2022 19:11,399
719,Packplatz 03,3199,26.04.2022 14:04,232
651,Packplatz 01,1325,26.04.2022 16:37,115
601,Packplatz 01,8191,26.04.2022 20:24,333
878,Packplatz 10,6440,26.04.2022 16:52,253
998,Packplatz 03,2040,26.04.2022 16:52,405
598,Packplatz 09,4151,26.04.2022 15:12,465
492,Packplatz 07,6252,26.04.2022 15:46,189
983,Packplatz 10,7904,26.04.2022 20:14,56
238,Packplatz 10,1852,26.04.2022 16:54,239
504,Packplatz 05,5150,26.04.2022 16:13,167
537,Packplatz 09,5078,26.04.2022 18:51,301
215,Packplatz 08,1512,26.04.2022 18:32,484
344,Packplatz 08,7765,26.04.2022 12:52,332
995,Packplatz 10,6206,26.04.2022 14:49,304
758,Packplatz 02,6991,26.04.2022 16:48,224
303,Packplatz 04,6146,26.04.2022 15:58,178
674,Packplatz 02,1551,26.04.2022 18:17,14
571,Packplatz 05,8320,26.04.2022 12:43,125
244,Packplatz 09,5388,26.04.2022 18:07,1
870,Packplatz 10,5539,26.04.2022 20:39,97
947,Packplatz 10,8907,26.04.2022 18:53,129
609,Packplatz 03,7837,26.04.2022 18:04,372
358,Packplatz 10,6496,26.04.2022 13:12,272
720,Packplatz 03,7464,26.04.2022 17:30,26
650,Packplatz 08,8206,26.04.2022 14:47,485
909,Packplatz 08,3810,26.04.2022 18:14,310
276,Packplatz 09,1728,26.04.2022 17:38,274
753,Packplatz 06,6329,26.04.2022 15:22,223
618,Packplatz 03,7033,26.04.2022 17:46,100
807,Packplatz 05,1648,26.04.2022 15:45,137
931,Packplatz 03,6290,26.04.2022 14:00,184
244,Packplatz 09,3726,26.04.2022 18:32,390
668,Packplatz 03,4400,26.04.2022 15:24,444
434,Packplatz 03,4774,26.04.2022 15:14,344
771,Packplatz 01,4123,26.04.2022 14:38,412
114,Packplatz 09,6361,26.04.2022 14:30,380
206,Packplatz 08,6692,26.04.2022 14:41,167
668,Packplatz 05,8916,26.04.2022 18:40,41
848,Packplatz 06,6154,26.04.2022 17:47,400
285,Packplatz 05,3728,26.04.2022 19:06,200
351,Packplatz 06,4057,26.04.2022 17:24,188
810,Packplatz 04,1484,26.04.2022 16:56,322
396,Packplatz 06,4918,26.04.2022 16:49,259
649,Packplatz 01,3220,26.04.2022 16:49,383
597,Packplatz 02,8695,26.04.2022 12:20,74
979,Packplatz 10,1806,26.04.2022 16:25,366
432,Packplatz 01,2019,26.04.2022 16:07,232
860,Packplatz 03,7208,26.04.2022 18:16,121
439,Packplatz 04,7268,26.04.2022 19:17,248
925,Packplatz 07,5890,26.04.2022 17:48,385
200,Packplatz 01,6440,26.04.2022 09:32,381
309,Packplatz 03,7721,26.04.2022 18:49,342
761,Packplatz 09,8251,26.04.2022 20:17,226
314,Packplatz 07,6334,26.04.2022 14:46,178
763,Packplatz 07,3055,26.04.2022 15:50,367
506,Packplatz 02,7734,26.04.2022 12:19,147
951,Packplatz 04,1921,26.04.2022 19:44,196
596,Packplatz 09,7717,26.04.2022 16:40,458
755,Packplatz 05,9075,26.04.2022 15:02,483
579,Packplatz 08,1598,26.04.2022 16:20,293
969,Packplatz 02,1794,26.04.2022 13:48,434
230,Packplatz 03,5782,26.04.2022 18:32,298
837,Packplatz 02,8854,26.04.2022 16:34,199
471,Packplatz 02,2876,26.04.2022 21:22,186
550,Packplatz 06,1789,26.04.2022 16:38,24
500,Packplatz 08,2082,26.04.2022 12:25,196
256,Packplatz 07,5027,26.04.2022 14:01,5
433,Packplatz 04,3251,26.04.2022 17:03,113
728,Packplatz 02,8574,26.04.2022 14:35,74
909,Packplatz 05,2206,26.04.2022 15:27,474
114,Packplatz 02,8017,26.04.2022 14:39,78
333,Packplatz 08,2516,26.04.2022 17:27,182
318,Packplatz 01,8434,26.04.2022 16:36,217
108,Packplatz 05,7764,26.04.2022 13:27,302
439,Packplatz 01,6145,26.04.2022 14:17,89
867,Packplatz 07,3079,26.04.2022 16:48,449
524,Packplatz 07,4584,26.04.2022 16:51,156
717,Packplatz 04,4690,26.04.2022 15:39,193
368,Packplatz 01,8197,26.04.2022 17:17,487
611,Packplatz 04,5153,26.04.2022 17:05,89
739,Packplatz 04,5838,26.04.2022 13:33,209
152,Packplatz 08,2167,26.04.2022 14:11,249
302,Packplatz 02,5395,26.04.2022 13:54,225
275,Packplatz 01,8147,26.04.2022 12:39,366
430,Packplatz 08,8482,26.04.2022 19:02,65
570,Packplatz 08,3695,26.04.2022 15:38,122
451,Packplatz 02,8761,26.04.2022 18:53,372
755,Packplatz 06,4782,26.04.2022 13:48,276
111,Packplatz 05,5707,26.04.2022 17:57,354
798,Packplatz 03,4350,26.04.2022 18:41,183
126,Packplatz 07,1844,26.04.2022 17:51,399
531,Packplatz 02,4147,26.04.2022 17:14,379
665,Packplatz 01,1738,26.04.2022 20:41,306
867,Packplatz 06,4588,26.04.2022 20:03,353
362,Packplatz 03,2268,26.04.2022 16:21,429
141,Packplatz 07,6601,26.04.2022 14:35,386
472,Packplatz 09,3601,26.04.2022 15:36,120
297,Packplatz 05,7856,26.04.2022 15:46,305
225,Packplatz 08,3031,26.04.2022 12:58,364
956,Packplatz 09,5944,26.04.2022 15:04,283
919,Packplatz 05,2752,26.04.2022 16:45,470
437,Packplatz 07,6454,26.04.2022 16:40,51
208,Packplatz 08,5660,26.04.2022 17:20,53
248,Packplatz 05,9048,26.04.2022 16:33,15
183,Packplatz 03,6833,26.04.2022 16:45,250
103,Packplatz 04,5814,26.04.2022 16:35,56
707,Packplatz 08,4769,26.04.2022 17:39,125
803,Packplatz 10,7738,26.04.2022 19:28,443
949,Packplatz 02,3330,26.04.2022 13:15,230
247,Packplatz 01,3835,26.04.2022 15:51,12
194,Packplatz 08,9238,26.04.2022 18:25,49
649,Packplatz 06,7475,26.04.2022 14:34,438
571,Packplatz 01,1948,26.04.2022 15:43,460
722,Packplatz 02,8256,26.04.2022 18:34,103
411,Packplatz 06,1906,26.04.2022 17:12,305
977,Packplatz 09,4758,26.04.2022 18:32,399
305,Packplatz 05,5091,26.04.2022 18:08,417
984,Packplatz 04,6223,26.04.2022 13:44,148
369,Packplatz 01,1204,26.04.2022 19:02,108
737,Packplatz 09,9384,26.04.2022 16:00,79
452,Packplatz 06,5280,26.04.2022 17:23,391
782,Packplatz 09,2368,26.04.2022 18:41,447
946,Packplatz 05,6997,26.04.2022 14:14,165
810,Packplatz 01,8004,26.04.2022 17:45,210
663,Packplatz 02,1302,26.04.2022 17:14,254
578,Packplatz 03,7582,26.04.2022 14:15,326
734,Packplatz 10,4124,26.04.2022 15:16,93
362,Packplatz 04,3853,26.04.2022 18:06,82
921,Packplatz 05,1550,26.04.2022 16:24,53
208,Packplatz 03,6511,26.04.2022 17:22,154
725,Packplatz 08,9434,26.04.2022 15:35,466
362,Packplatz 07,8418,26.04.2022 18:13,136
183,Packplatz 08,7032,26.04.2022 16:28,264
480,Packplatz 03,1408,26.04.2022 15:09,360
791,Packplatz 05,3343,26.04.2022 18:52,47
578,Packplatz 06,1246,26.04.2022 19:01,276
561,Packplatz 04,6889,26.04.2022 18:35,203
826,Packplatz 07,7801,26.04.2022 17:59,50
909,Packplatz 10,9412,26.04.2022 15:14,398
251,Packplatz 10,9940,26.04.2022 16:03,300
537,Packplatz 05,5752,26.04.2022 16:58,478
972,Packplatz 07,1278,26.04.2022 12:19,170
836,Packplatz 05,8169,26.04.2022 15:53,17
266,Packplatz 09,9584,26.04.2022 13:18,392
202,Packplatz 10,1498,26.04.2022 14:53,71
592,Packplatz 10,4936,26.04.2022 16:19,24
836,Packplatz 07,8660,26.04.2022 15:06,433
440,Packplatz 06,6854,26.04.2022 21:22,258
162,Packplatz 05,7232,26.04.2022 14:32,349
721,Packplatz 05,5242,26.04.2022 16:10,234
381,Packplatz 03,5573,26.04.2022 11:56,269
530,Packplatz 05,4596,26.04.2022 17:25,9
218,Packplatz 10,6084,26.04.2022 16:54,13
936,Packplatz 09,6438,26.04.2022 12:31,32
580,Packplatz 04,2898,26.04.2022 15:27,455
674,Packplatz 02,4258,26.04.2022 13:57,360
832,Packplatz 09,7690,26.04.2022 13:34,305
820,Packplatz 04,8930,26.04.2022 16:28,44
164,Packplatz 08,9740,26.04.2022 18:38,192
712,Packplatz 05,7552,26.04.2022 13:04,276
514,Packplatz 07,2497,26.04.2022 13:22,396
298,Packplatz 08,3100,26.04.2022 15:25,32
389,Packplatz 01,5002,26.04.2022 14:55,440
567,Packplatz 03,9572,26.04.2022 15:44,175
564,Packplatz 02,7509,26.04.2022 15:25,51
388,Packplatz 05,4324,26.04.2022 16:59,219
670,Packplatz 08,9364,26.04.2022 09:56,223
751,Packplatz 08,6526,26.04.2022 16:41,174
751,Packplatz 05,9061,26.04.2022 14:55,245
358,Packplatz 01,3160,26.04.2022 17:29,111
257,Packplatz 05,6164,26.04.2022 18:32,139
477,Packplatz 09,6976,26.04.2022 18:39,322
202,Packplatz 10,1351,26.04.2022 18:40,82
242,Packplatz 07,5272,26.04.2022 16:04,283
551,Packplatz 08,2056,26.04.2022 14:56,58
887,Packplatz 05,8082,26.04.2022 22:29,325
395,Packplatz 08,6037,26.04.2022 19:13,256
668,Packplatz 10,6994,26.04.2022 21:25,143
463,Packplatz 02,3181,26.04.2022 16:41,62
935,Packplatz 02,8209,26.04.2022 14:44,2
323,Packplatz 06,5992,26.04.2022 16:38,262
523,Packplatz 02,4076,26.04.2022 15:22,413
789,Packplatz 10,6746,26.04.2022 15:58,489
424,Packplatz 06,1835,26.04.2022 19:12,109
811,Packplatz 03,2799,26.04.2022 16:28,306
642,Packplatz 08,7648,26.04.2022 16:57,221
709,Packplatz 08,9710,26.04.2022 17:55,279
235,Packplatz 05,2805,26.04.2022 18:07,476
500,Packplatz 07,1139,26.04.2022 15:38,161
355,Packplatz 04,1390,26.04.2022 18:08,448
111,Packplatz 05,7886,26.04.2022 18:24,403
588,Packplatz 02,5084,26.04.2022 18:29,245
153,Packplatz 02,4936,26.04.2022 18:40,468
852,Packplatz 03,6595,26.04.2022 17:06,202
999,Packplatz 09,4822,26.04.2022 17:35,26
