Auftragsnummer,Versand_ID,Verladestart,Verladeende,Versand_SOLL
5550,81,18.07.2022 23:27,18.07.2022 23:30,18.07.2022 23:57
2863,43,18.07.2022 19:52,18.07.2022 23:23,18.07.2022 20:22
8102,69,19.07.2022 01:00,19.07.2022 03:21,19.07.2022 01:30
9643,94,18.07.2022 19:50,18.07.2022 21:09,18.07.2022 20:20
2758,59,18.07.2022 22:39,18.07.2022 22:50,18.07.2022 23:09
1591,26,18.07.2022 20:47,18.07.2022 21:54,18.07.2022 21:17
9417,39,18.07.2022 19:21,18.07.2022 23:09,18.07.2022 19:51
2750,71,19.07.2022 00:02,19.07.2022 03:14,19.07.2022 00:32
2722,96,18.07.2022 20:58,19.07.2022 00:36,18.07.2022 21:28
4723,43,18.07.2022 20:32,18.07.2022 23:35,18.07.2022 21:02
9934,54,18.07.2022 21:21,19.07.2022 00:58,18.07.2022 21:51
4408,96,18.07.2022 21:26,18.07.2022 21:39,18.07.2022 21:56
5312,57,18.07.2022 19:43,18.07.2022 20:36,18.07.2022 20:13
9615,42,18.07.2022 20:12,18.07.2022 20:28,18.07.2022 20:42
2361,46,18.07.2022 20:16,18.07.2022 23:57,18.07.2022 20:46
8434,76,18.07.2022 20:35,18.07.2022 21:03,18.07.2022 21:05
2710,56,19.07.2022 01:23,19.07.2022 01:42,19.07.2022 01:53
1417,86,18.07.2022 21:44,19.07.2022 00:33,18.07.2022 22:14
9628,37,18.07.2022 21:24,19.07.2022 01:13,18.07.2022 21:54
8990,29,19.07.2022 01:21,19.07.2022 03:30,19.07.2022 01:51
9941,40,18.07.2022 23:00,18.07.2022 23:48,18.07.2022 23:30
1268,58,18.07.2022 23:39,19.07.2022 03:22,19.07.2022 00:09
6985,29,18.07.2022 20:44,18.07.2022 22:07,18.07.2022 21:14
2963,38,18.07.2022 22:17,19.07.2022 00:46,18.07.2022 22:47
2972,35,18.07.2022 22:10,18.07.2022 22:37,18.07.2022 22:40
1795,84,18.07.2022 21:55,18.07.2022 23:13,18.07.2022 22:25
4664,59,18.07.2022 22:12,18.07.2022 22:54,18.07.2022 22:42
3720,70,18.07.2022 21:53,18.07.2022 23:20,18.07.2022 22:23
1138,81,18.07.2022 20:57,19.07.2022 00:40,18.07.2022 21:27
2734,54,19.07.2022 00:31,19.07.2022 04:16,19.07.2022 01:01
9550,11,19.07.2022 02:14,19.07.2022 04:19,19.07.2022 02:44
6331,86,18.07.2022 22:35,19.07.2022 02:29,18.07.2022 23:05
7164,19,18.07.2022 22:18,19.07.2022 01:25,18.07.2022 22:48
5224,41,18.07.2022 21:48,18.07.2022 22:38,18.07.2022 22:18
7228,41,18.07.2022 22:27,18.07.2022 23:24,18.07.2022 22:57
1573,65,18.07.2022 23:16,19.07.2022 00:00,18.07.2022 23:46
5572,61,18.07.2022 18:32,18.07.2022 21:12,18.07.2022 19:02
4724,50,18.07.2022 23:30,18.07.2022 23:51,19.07.2022 00:00
7608,18,18.07.2022 21:51,18.07.2022 23:59,18.07.2022 22:21
6162,24,18.07.2022 20:06,18.07.2022 21:13,18.07.2022 20:36
8988,25,19.07.2022 00:07,19.07.2022 00:50,19.07.2022 00:37
4883,19,18.07.2022 21:39,18.07.2022 23:55,18.07.2022 22:09
9562,18,18.07.2022 23:18,18.07.2022 23:31,18.07.2022 23:48
6766,38,18.07.2022 18:07,18.07.2022 18:10,18.07.2022 18:37
4753,97,18.07.2022 22:56,19.07.2022 00:58,18.07.2022 23:26
6162,86,18.07.2022 21:08,18.07.2022 22:57,18.07.2022 21:38
6583,75,18.07.2022 23:04,19.07.2022 01:08,18.07.2022 23:34
4782,56,18.07.2022 22:32,19.07.2022 02:32,18.07.2022 23:02
1236,61,18.07.2022 23:48,19.07.2022 03:14,19.07.2022 00:18
2764,83,18.07.2022 16:47,18.07.2022 19:20,18.07.2022 17:17
9877,61,19.07.2022 00:38,19.07.2022 02:04,19.07.2022 01:08
3755,97,18.07.2022 22:24,18.07.2022 23:20,18.07.2022 22:54
2317,85,18.07.2022 22:30,18.07.2022 23:52,18.07.2022 23:00
8570,59,18.07.2022 19:05,18.07.2022 22:55,18.07.2022 19:35
8202,60,18.07.2022 21:53,19.07.2022 00:05,18.07.2022 22:23
8574,98,18.07.2022 21:51,19.07.2022 00:48,18.07.2022 22:21
3773,43,18.07.2022 20:58,19.07.2022 00:18,18.07.2022 21:28
9253,83,18.07.2022 20:10,18.07.2022 23:18,18.07.2022 20:40
9330,17,18.07.2022 18:19,18.07.2022 21:26,18.07.2022 18:49
9595,26,19.07.2022 00:40,19.07.2022 01:00,19.07.2022 01:10
4824,45,19.07.2022 01:32,19.07.2022 03:18,19.07.2022 02:02
8574,28,18.07.2022 23:49,19.07.2022 03:48,19.07.2022 00:19
4933,13,19.07.2022 00:17,19.07.2022 03:52,19.07.2022 00:47
7983,97,18.07.2022 20:55,19.07.2022 00:38,18.07.2022 21:25
6509,31,18.07.2022 22:59,18.07.2022 23:11,18.07.2022 23:29
7453,84,18.07.2022 23:54,19.07.2022 00:05,19.07.2022 00:24
3051,67,18.07.2022 22:28,19.07.2022 01:16,18.07.2022 22:58
5380,32,18.07.2022 23:04,19.07.2022 02:59,18.07.2022 23:34
1414,35,18.07.2022 23:43,19.07.2022 01:14,19.07.2022 00:13
5303,98,18.07.2022 23:29,19.07.2022 00:42,18.07.2022 23:59
7686,89,18.07.2022 23:33,19.07.2022 03:12,19.07.2022 00:03
7686,81,18.07.2022 20:36,18.07.2022 22:06,18.07.2022 21:06
4748,94,18.07.2022 22:39,19.07.2022 00:06,18.07.2022 23:09
8536,82,18.07.2022 20:58,18.07.2022 22:27,18.07.2022 21:28
3227,24,18.07.2022 18:24,18.07.2022 19:21,18.07.2022 18:54
4180,43,19.07.2022 00:36,19.07.2022 01:54,19.07.2022 01:06
3682,80,18.07.2022 21:21,18.07.2022 21:30,18.07.2022 21:51
5698,72,18.07.2022 20:02,18.07.2022 21:31,18.07.2022 20:32
5936,86,19.07.2022 00:53,19.07.2022 01:41,19.07.2022 01:23
8386,86,18.07.2022 18:15,18.07.2022 21:17,18.07.2022 18:45
5128,22,18.07.2022 22:52,18.07.2022 23:18,18.07.2022 23:22
7820,37,18.07.2022 23:52,19.07.2022 01:58,19.07.2022 00:22
4652,55,18.07.2022 19:08,18.07.2022 19:38,18.07.2022 19:38
1360,92,19.07.2022 01:18,19.07.2022 02:53,19.07.2022 01:48
6739,46,18.07.2022 22:11,19.07.2022 01:00,18.07.2022 22:41
6493,11,19.07.2022 02:21,19.07.2022 04:22,19.07.2022 02:51
9766,35,18.07.2022 20:43,19.07.2022 00:28,18.07.2022 21:13
3391,83,18.07.2022 21:32,18.07.2022 21:58,18.07.2022 22:02
1716,53,18.07.2022 23:00,19.07.2022 01:06,18.07.2022 23:30
2324,59,18.07.2022 22:21,19.07.2022 00:51,18.07.2022 22:51
2635,97,18.07.2022 21:33,18.07.2022 21:48,18.07.2022 22:03
2114,11,18.07.2022 20:40,19.07.2022 00:34,18.07.2022 21:10
7162,22,18.07.2022 22:12,18.07.2022 23:55,18.07.2022 22:42
6941,64,18.07.2022 22:03,19.07.2022 00:52,18.07.2022 22:33
6474,16,18.07.2022 21:46,18.07.2022 22:53,18.07.2022 22:16
4585,22,18.07.2022 23:12,19.07.2022 01:19,18.07.2022 23:42
5635,12,18.07.2022 22:35,19.07.2022 01:35,18.07.2022 23:05
4033,79,19.07.2022 00:25,19.07.2022 02:01,19.07.2022 00:55
1784,31,18.07.2022 20:51,18.07.2022 22:57,18.07.2022 21:21
6883,42,18.07.2022 21:21,19.07.2022 00:39,18.07.2022 21:51
2930,82,18.07.2022 21:10,19.07.2022 00:32,18.07.2022 21:40
4037,17,18.07.2022 22:12,19.07.2022 00:03,18.07.2022 22:42
2912,13,18.07.2022 17:07,18.07.2022 17:33,18.07.2022 17:37
2884,20,19.07.2022 00:59,19.07.2022 03:53,19.07.2022 01:29
2992,72,18.07.2022 21:07,18.07.2022 22:29,18.07.2022 21:37
8630,70,18.07.2022 20:46,18.07.2022 23:43,18.07.2022 21:16
1929,89,18.07.2022 21:59,19.07.2022 00:27,18.07.2022 22:29
9204,96,18.07.2022 19:50,18.07.2022 20:55,18.07.2022 20:20
2560,75,18.07.2022 21:31,18.07.2022 22:12,18.07.2022 22:01
1873,21,19.07.2022 01:25,19.07.2022 05:00,19.07.2022 01:55
8952,39,19.07.2022 02:47,19.07.2022 06:08,19.07.2022 03:17
4762,75,18.07.2022 22:10,19.07.2022 01:37,18.07.2022 22:40
2014,89,18.07.2022 21:33,19.07.2022 00:15,18.07.2022 22:03
1438,64,18.07.2022 20:54,19.07.2022 00:29,18.07.2022 21:24
8641,19,18.07.2022 22:23,18.07.2022 22:51,18.07.2022 22:53
3214,26,18.07.2022 23:35,19.07.2022 03:18,19.07.2022 00:05
1976,27,18.07.2022 17:03,18.07.2022 19:15,18.07.2022 17:33
5400,25,18.07.2022 23:07,19.07.2022 01:35,18.07.2022 23:37
9382,62,18.07.2022 19:03,18.07.2022 22:17,18.07.2022 19:33
1584,99,18.07.2022 22:55,19.07.2022 02:10,18.07.2022 23:25
7972,24,19.07.2022 00:48,19.07.2022 01:32,19.07.2022 01:18
7579,93,18.07.2022 23:12,19.07.2022 02:51,18.07.2022 23:42
8167,15,18.07.2022 22:46,19.07.2022 00:06,18.07.2022 23:16
4169,20,18.07.2022 23:38,19.07.2022 03:23,19.07.2022 00:08
4802,39,18.07.2022 23:33,19.07.2022 02:23,19.07.2022 00:03
7435,92,19.07.2022 01:35,19.07.2022 02:21,19.07.2022 02:05
1944,49,18.07.2022 22:52,18.07.2022 23:58,18.07.2022 23:22
2986,39,18.07.2022 20:09,18.07.2022 23:48,18.07.2022 20:39
3052,51,18.07.2022 18:41,18.07.2022 20:53,18.07.2022 19:11
1348,51,19.07.2022 00:01,19.07.2022 03:52,19.07.2022 00:31
3725,45,18.07.2022 22:00,18.07.2022 22:53,18.07.2022 22:30
2818,58,18.07.2022 23:18,19.07.2022 00:48,18.07.2022 23:48
9727,58,18.07.2022 22:08,18.07.2022 22:18,18.07.2022 22:38
6400,58,18.07.2022 20:17,18.07.2022 21:58,18.07.2022 20:47
2125,60,18.07.2022 23:58,19.07.2022 00:57,19.07.2022 00:28
1106,78,18.07.2022 19:35,18.07.2022 20:29,18.07.2022 20:05
6832,99,18.07.2022 21:31,18.07.2022 21:43,18.07.2022 22:01
5914,73,18.07.2022 22:48,18.07.2022 23:11,18.07.2022 23:18
6956,59,19.07.2022 00:47,19.07.2022 01:43,19.07.2022 01:17
2790,50,18.07.2022 21:09,18.07.2022 21:26,18.07.2022 21:39
3250,81,19.07.2022 00:25,19.07.2022 03:28,19.07.2022 00:55
8188,55,19.07.2022 02:01,19.07.2022 05:07,19.07.2022 02:31
4198,82,18.07.2022 19:04,18.07.2022 22:40,18.07.2022 19:34
6613,56,18.07.2022 21:57,19.07.2022 01:02,18.07.2022 22:27
9367,42,18.07.2022 23:07,19.07.2022 03:06,18.07.2022 23:37
9055,53,19.07.2022 00:29,19.07.2022 02:23,19.07.2022 00:59
9191,52,18.07.2022 19:56,18.07.2022 21:53,18.07.2022 20:26
6518,88,18.07.2022 22:39,18.07.2022 23:55,18.07.2022 23:09
5003,32,18.07.2022 22:30,19.07.2022 01:27,18.07.2022 23:00
1296,11,18.07.2022 22:09,18.07.2022 22:51,18.07.2022 22:39
1612,96,18.07.2022 23:35,18.07.2022 23:46,19.07.2022 00:05
7459,94,19.07.2022 00:33,19.07.2022 00:43,19.07.2022 01:03
3166,74,18.07.2022 23:28,19.07.2022 01:46,18.07.2022 23:58
2884,34,18.07.2022 21:26,19.07.2022 00:39,18.07.2022 21:56
5572,49,19.07.2022 01:17,19.07.2022 05:05,19.07.2022 01:47
8320,52,18.07.2022 20:11,18.07.2022 20:51,18.07.2022 20:41
7024,65,18.07.2022 22:50,18.07.2022 23:37,18.07.2022 23:20
7562,74,18.07.2022 23:28,19.07.2022 00:59,18.07.2022 23:58
4240,97,18.07.2022 21:43,19.07.2022 00:58,18.07.2022 22:13
2092,71,18.07.2022 20:03,18.07.2022 22:50,18.07.2022 20:33
9349,58,18.07.2022 21:27,18.07.2022 22:05,18.07.2022 21:57
9836,37,18.07.2022 20:14,18.07.2022 22:22,18.07.2022 20:44
3187,63,18.07.2022 19:40,18.07.2022 22:28,18.07.2022 20:10
5750,14,18.07.2022 22:14,19.07.2022 00:59,18.07.2022 22:44
2386,50,18.07.2022 20:17,18.07.2022 23:25,18.07.2022 20:47
6487,92,18.07.2022 22:24,18.07.2022 22:48,18.07.2022 22:54
4961,35,18.07.2022 20:19,18.07.2022 22:44,18.07.2022 20:49
4150,39,19.07.2022 01:18,19.07.2022 02:14,19.07.2022 01:48
4320,15,18.07.2022 23:50,19.07.2022 01:33,19.07.2022 00:20
5225,36,18.07.2022 21:17,19.07.2022 00:32,18.07.2022 21:47
2533,49,18.07.2022 17:36,18.07.2022 18:04,18.07.2022 18:06
9658,81,18.07.2022 22:04,18.07.2022 23:42,18.07.2022 22:34
4128,16,18.07.2022 20:54,19.07.2022 00:36,18.07.2022 21:24
4621,66,18.07.2022 23:22,19.07.2022 02:24,18.07.2022 23:52
6499,80,18.07.2022 20:39,18.07.2022 20:55,18.07.2022 21:09
1360,55,18.07.2022 22:17,18.07.2022 22:49,18.07.2022 22:47
9290,70,18.07.2022 22:26,18.07.2022 23:57,18.07.2022 22:56
3694,53,18.07.2022 21:24,18.07.2022 23:37,18.07.2022 21:54
8020,16,18.07.2022 18:16,18.07.2022 19:58,18.07.2022 18:46
9595,44,18.07.2022 22:12,18.07.2022 22:49,18.07.2022 22:42
9371,76,18.07.2022 21:55,19.07.2022 01:33,18.07.2022 22:25
3232,34,18.07.2022 22:09,18.07.2022 23:52,18.07.2022 22:39
4063,64,18.07.2022 20:21,18.07.2022 22:56,18.07.2022 20:51
8866,77,18.07.2022 21:03,18.07.2022 23:00,18.07.2022 21:33
8423,88,18.07.2022 18:12,18.07.2022 22:11,18.07.2022 18:42
8291,51,18.07.2022 18:40,18.07.2022 20:08,18.07.2022 19:10
3786,38,18.07.2022 21:20,18.07.2022 23:01,18.07.2022 21:50
9055,70,18.07.2022 23:26,19.07.2022 01:21,18.07.2022 23:56
3010,86,18.07.2022 23:06,19.07.2022 00:21,18.07.2022 23:36
7567,58,18.07.2022 19:12,18.07.2022 21:34,18.07.2022 19:42
2494,59,18.07.2022 22:20,19.07.2022 01:01,18.07.2022 22:50
2092,55,18.07.2022 22:16,18.07.2022 22:54,18.07.2022 22:46
2380,11,18.07.2022 20:04,18.07.2022 22:06,18.07.2022 20:34
8936,44,19.07.2022 00:13,19.07.2022 01:56,19.07.2022 00:43
4550,53,18.07.2022 20:54,19.07.2022 00:36,18.07.2022 21:24
9850,40,19.07.2022 00:40,19.07.2022 01:12,19.07.2022 01:10
2947,15,19.07.2022 00:18,19.07.2022 00:23,19.07.2022 00:48
5584,69,18.07.2022 22:40,19.07.2022 01:45,18.07.2022 23:10
7457,64,18.07.2022 18:27,18.07.2022 18:29,18.07.2022 18:57
7046,65,18.07.2022 22:15,18.07.2022 22:53,18.07.2022 22:45
8189,11,18.07.2022 19:58,18.07.2022 21:06,18.07.2022 20:28
7536,44,18.07.2022 23:57,19.07.2022 03:16,19.07.2022 00:27
2772,75,18.07.2022 22:19,18.07.2022 22:33,18.07.2022 22:49
5995,11,18.07.2022 19:47,18.07.2022 21:04,18.07.2022 20:17
8346,75,18.07.2022 21:14,18.07.2022 23:57,18.07.2022 21:44
4768,61,18.07.2022 19:59,18.07.2022 20:57,18.07.2022 20:29
2819,58,18.07.2022 22:05,19.07.2022 00:59,18.07.2022 22:35
3800,87,19.07.2022 02:19,19.07.2022 05:07,19.07.2022 02:49
3452,74,19.07.2022 00:49,19.07.2022 01:18,19.07.2022 01:19
9194,90,18.07.2022 22:50,19.07.2022 02:32,18.07.2022 23:20
8859,44,18.07.2022 23:11,18.07.2022 23:57,18.07.2022 23:41
4129,34,18.07.2022 23:39,19.07.2022 03:27,19.07.2022 00:09
3079,74,18.07.2022 19:16,18.07.2022 19:33,18.07.2022 19:46
4944,12,19.07.2022 00:53,19.07.2022 03:44,19.07.2022 01:23
1442,59,18.07.2022 20:47,18.07.2022 23:18,18.07.2022 21:17
3934,52,19.07.2022 01:57,19.07.2022 03:15,19.07.2022 02:27
9358,45,19.07.2022 01:29,19.07.2022 04:43,19.07.2022 01:59
8197,32,18.07.2022 20:36,18.07.2022 21:22,18.07.2022 21:06
2413,53,18.07.2022 23:31,19.07.2022 03:17,19.07.2022 00:01
2764,43,18.07.2022 21:23,18.07.2022 21:46,18.07.2022 21:53
1054,20,18.07.2022 23:04,19.07.2022 03:04,18.07.2022 23:34
3289,92,19.07.2022 01:05,19.07.2022 03:48,19.07.2022 01:35
3272,72,18.07.2022 19:23,18.07.2022 20:59,18.07.2022 19:53
8775,63,19.07.2022 01:31,19.07.2022 02:55,19.07.2022 02:01
3268,24,18.07.2022 20:37,18.07.2022 20:50,18.07.2022 21:07
9244,14,18.07.2022 22:28,19.07.2022 00:38,18.07.2022 22:58
1162,67,18.07.2022 18:58,18.07.2022 20:36,18.07.2022 19:28
5220,27,19.07.2022 00:38,19.07.2022 04:11,19.07.2022 01:08
9295,13,18.07.2022 18:51,18.07.2022 21:00,18.07.2022 19:21
3383,78,18.07.2022 21:17,18.07.2022 23:32,18.07.2022 21:47
3022,35,18.07.2022 23:16,18.07.2022 23:41,18.07.2022 23:46
2321,11,18.07.2022 23:13,19.07.2022 03:11,18.07.2022 23:43
3171,35,18.07.2022 21:08,18.07.2022 22:50,18.07.2022 21:38
7648,13,19.07.2022 02:55,19.07.2022 06:25,19.07.2022 03:25
8216,30,18.07.2022 19:58,18.07.2022 23:31,18.07.2022 20:28
8488,77,18.07.2022 18:27,18.07.2022 21:56,18.07.2022 18:57
4586,66,18.07.2022 21:03,18.07.2022 23:32,18.07.2022 21:33
1377,37,18.07.2022 19:03,18.07.2022 19:27,18.07.2022 19:33
1081,17,18.07.2022 20:36,18.07.2022 22:46,18.07.2022 21:06
4438,49,18.07.2022 18:54,18.07.2022 21:02,18.07.2022 19:24
4842,48,18.07.2022 23:47,19.07.2022 01:42,19.07.2022 00:17
4107,46,19.07.2022 00:52,19.07.2022 01:34,19.07.2022 01:22
4542,43,18.07.2022 19:35,18.07.2022 23:09,18.07.2022 20:05
8491,65,18.07.2022 20:24,18.07.2022 22:20,18.07.2022 20:54
5695,17,18.07.2022 20:59,19.07.2022 00:12,18.07.2022 21:29
6344,89,19.07.2022 00:10,19.07.2022 03:12,19.07.2022 00:40
5993,23,18.07.2022 21:51,18.07.2022 23:18,18.07.2022 22:21
7772,30,18.07.2022 21:22,18.07.2022 23:15,18.07.2022 21:52
9994,50,18.07.2022 22:38,19.07.2022 02:21,18.07.2022 23:08
9365,91,18.07.2022 22:48,19.07.2022 00:46,18.07.2022 23:18
5098,58,18.07.2022 20:18,18.07.2022 20:20,18.07.2022 20:48
3499,89,19.07.2022 01:30,19.07.2022 04:59,19.07.2022 02:00
4310,94,18.07.2022 23:48,19.07.2022 03:30,19.07.2022 00:18
5324,51,19.07.2022 00:28,19.07.2022 00:50,19.07.2022 00:58
9392,65,18.07.2022 21:19,18.07.2022 22:06,18.07.2022 21:49
9380,77,18.07.2022 22:25,19.07.2022 00:33,18.07.2022 22:55
9465,75,19.07.2022 00:40,19.07.2022 03:19,19.07.2022 01:10
3553,69,18.07.2022 21:51,19.07.2022 00:47,18.07.2022 22:21
7408,48,18.07.2022 20:02,18.07.2022 23:39,18.07.2022 20:32
2244,36,18.07.2022 23:09,19.07.2022 00:52,18.07.2022 23:39
1379,23,18.07.2022 21:30,18.07.2022 21:35,18.07.2022 22:00
2335,16,18.07.2022 20:16,18.07.2022 21:51,18.07.2022 20:46
9664,60,18.07.2022 23:03,19.07.2022 00:47,18.07.2022 23:33
1480,94,18.07.2022 21:41,18.07.2022 23:53,18.07.2022 22:11
4442,94,18.07.2022 22:23,19.07.2022 01:31,18.07.2022 22:53
6289,37,18.07.2022 19:56,18.07.2022 21:45,18.07.2022 20:26
5131,90,18.07.2022 21:18,19.07.2022 00:41,18.07.2022 21:48
3228,77,18.07.2022 19:41,18.07.2022 21:53,18.07.2022 20:11
9428,93,18.07.2022 23:28,19.07.2022 01:24,18.07.2022 23:58
9764,30,18.07.2022 23:24,19.07.2022 00:46,18.07.2022 23:54
6272,26,18.07.2022 17:49,18.07.2022 19:41,18.07.2022 18:19
6108,51,18.07.2022 21:30,18.07.2022 21:46,18.07.2022 22:00
1264,17,18.07.2022 20:21,18.07.2022 21:13,18.07.2022 20:51
7874,95,18.07.2022 22:13,18.07.2022 22:21,18.07.2022 22:43
6771,74,18.07.2022 23:17,19.07.2022 01:03,18.07.2022 23:47
6868,26,18.07.2022 20:29,18.07.2022 22:36,18.07.2022 20:59
1960,75,18.07.2022 18:59,18.07.2022 22:12,18.07.2022 19:29
8520,59,19.07.2022 01:07,19.07.2022 01:24,19.07.2022 01:37
6052,79,18.07.2022 20:36,18.07.2022 23:52,18.07.2022 21:06
4052,42,18.07.2022 19:49,18.07.2022 20:46,18.07.2022 20:19
4171,71,19.07.2022 02:11,19.07.2022 02:30,19.07.2022 02:41
8068,61,18.07.2022 21:53,19.07.2022 01:49,18.07.2022 22:23
1529,86,18.07.2022 21:38,18.07.2022 22:54,18.07.2022 22:08
4435,14,18.07.2022 23:37,19.07.2022 01:24,19.07.2022 00:07
6169,70,18.07.2022 19:53,18.07.2022 20:50,18.07.2022 20:23
9139,36,18.07.2022 20:27,18.07.2022 20:56,18.07.2022 20:57
7165,73,18.07.2022 19:30,18.07.2022 23:30,18.07.2022 20:00
8844,35,18.07.2022 18:27,18.07.2022 21:52,18.07.2022 18:57
3501,37,18.07.2022 22:34,19.07.2022 01:35,18.07.2022 23:04
8786,39,18.07.2022 20:13,18.07.2022 22:23,18.07.2022 20:43
2922,28,18.07.2022 21:34,18.07.2022 23:42,18.07.2022 22:04
1906,13,18.07.2022 23:13,19.07.2022 00:30,18.07.2022 23:43
1203,67,18.07.2022 21:38,19.07.2022 01:04,18.07.2022 22:08
4075,13,18.07.2022 22:38,19.07.2022 00:13,18.07.2022 23:08
4267,46,18.07.2022 22:13,19.07.2022 01:17,18.07.2022 22:43
1352,98,18.07.2022 21:23,18.07.2022 23:03,18.07.2022 21:53
2548,67,18.07.2022 21:48,19.07.2022 00:04,18.07.2022 22:18
4801,63,18.07.2022 23:37,19.07.2022 00:38,19.07.2022 00:07
1840,96,18.07.2022 21:32,18.07.2022 23:38,18.07.2022 22:02
5280,81,19.07.2022 00:58,19.07.2022 04:47,19.07.2022 01:28
8563,88,18.07.2022 22:45,18.07.2022 22:51,18.07.2022 23:15
2998,63,19.07.2022 00:38,19.07.2022 01:18,19.07.2022 01:08
4364,88,18.07.2022 21:08,18.07.2022 22:43,18.07.2022 21:38
2486,82,18.07.2022 22:46,18.07.2022 23:04,18.07.2022 23:16
1123,95,18.07.2022 23:56,19.07.2022 00:15,19.07.2022 00:26
9970,58,18.07.2022 21:29,19.07.2022 00:02,18.07.2022 21:59
8371,78,18.07.2022 21:23,18.07.2022 23:17,18.07.2022 21:53
6640,43,18.07.2022 23:16,19.07.2022 02:22,18.07.2022 23:46
4034,42,18.07.2022 22:28,18.07.2022 22:41,18.07.2022 22:58
8482,35,18.07.2022 22:20,18.07.2022 22:26,18.07.2022 22:50
2903,76,18.07.2022 23:58,19.07.2022 03:54,19.07.2022 00:28
4482,10,18.07.2022 20:30,18.07.2022 21:18,18.07.2022 21:00
6404,36,18.07.2022 20:12,18.07.2022 22:22,18.07.2022 20:42
1870,47,18.07.2022 23:10,18.07.2022 23:47,18.07.2022 23:40
1104,46,18.07.2022 22:05,18.07.2022 23:55,18.07.2022 22:35
6328,92,18.07.2022 23:14,19.07.2022 00:20,18.07.2022 23:44
6976,95,18.07.2022 21:37,18.07.2022 23:22,18.07.2022 22:07
9852,28,18.07.2022 22:03,19.07.2022 01:30,18.07.2022 22:33
9728,89,18.07.2022 19:35,18.07.2022 23:02,18.07.2022 20:05
2707,75,19.07.2022 01:46,19.07.2022 03:59,19.07.2022 02:16
3068,56,18.07.2022 21:23,18.07.2022 23:28,18.07.2022 21:53
8976,72,18.07.2022 23:46,19.07.2022 02:50,19.07.2022 00:16
3679,12,18.07.2022 22:39,18.07.2022 23:49,18.07.2022 23:09
8062,78,19.07.2022 01:08,19.07.2022 05:04,19.07.2022 01:38
4180,64,18.07.2022 21:00,18.07.2022 23:09,18.07.2022 21:30
6348,48,18.07.2022 21:20,19.07.2022 00:25,18.07.2022 21:50
9344,60,18.07.2022 21:20,19.07.2022 00:35,18.07.2022 21:50
3463,32,19.07.2022 00:23,19.07.2022 01:20,19.07.2022 00:53
1460,10,19.07.2022 01:29,19.07.2022 03:19,19.07.2022 01:59
4924,62,18.07.2022 21:54,18.07.2022 22:28,18.07.2022 22:24
3728,48,18.07.2022 23:14,18.07.2022 23:55,18.07.2022 23:44
2722,52,18.07.2022 23:50,19.07.2022 01:02,19.07.2022 00:20
7462,21,18.07.2022 21:03,18.07.2022 23:52,18.07.2022 21:33
6778,46,19.07.2022 01:13,19.07.2022 04:51,19.07.2022 01:43
6815,59,18.07.2022 21:02,18.07.2022 22:17,18.07.2022 21:32
6924,86,18.07.2022 23:50,19.07.2022 03:01,19.07.2022 00:20
5450,75,18.07.2022 19:56,18.07.2022 20:56,18.07.2022 20:26
4820,41,18.07.2022 22:00,19.07.2022 01:20,18.07.2022 22:30
7002,50,18.07.2022 19:39,18.07.2022 21:14,18.07.2022 20:09
3769,52,18.07.2022 23:07,19.07.2022 01:16,18.07.2022 23:37
8970,64,18.07.2022 22:29,19.07.2022 01:24,18.07.2022 22:59
6427,83,18.07.2022 19:01,18.07.2022 22:58,18.07.2022 19:31
4075,75,18.07.2022 20:21,18.07.2022 23:50,18.07.2022 20:51
3072,13,18.07.2022 22:13,18.07.2022 23:52,18.07.2022 22:43
5598,97,18.07.2022 22:53,19.07.2022 01:55,18.07.2022 23:23
6499,16,19.07.2022 00:57,19.07.2022 02:57,19.07.2022 01:27
4636,84,18.07.2022 22:30,19.07.2022 02:25,18.07.2022 23:00
1262,27,19.07.2022 02:13,19.07.2022 04:30,19.07.2022 02:43
7337,20,18.07.2022 19:33,18.07.2022 22:25,18.07.2022 20:03
9452,55,18.07.2022 19:55,18.07.2022 21:25,18.07.2022 20:25
6428,78,18.07.2022 22:11,19.07.2022 00:54,18.07.2022 22:41
1852,67,18.07.2022 23:35,19.07.2022 00:15,19.07.2022 00:05
5978,32,18.07.2022 22:49,19.07.2022 02:39,18.07.2022 23:19
4612,70,18.07.2022 20:19,18.07.2022 21:20,18.07.2022 20:49
3350,87,18.07.2022 22:07,18.07.2022 22:32,18.07.2022 22:37
1181,66,18.07.2022 21:50,18.07.2022 23:33,18.07.2022 22:20
8466,35,18.07.2022 22:32,18.07.2022 23:11,18.07.2022 23:02
8716,99,18.07.2022 21:54,18.07.2022 22:55,18.07.2022 22:24
5988,90,19.07.2022 00:49,19.07.2022 01:16,19.07.2022 01:19
6614,82,19.07.2022 00:36,19.07.2022 03:48,19.07.2022 01:06
5251,15,18.07.2022 20:09,18.07.2022 22:54,18.07.2022 20:39
2014,44,19.07.2022 00:09,19.07.2022 03:52,19.07.2022 00:39
1810,87,19.07.2022 02:28,19.07.2022 03:27,19.07.2022 02:58
3973,72,19.07.2022 00:00,19.07.2022 01:46,19.07.2022 00:30
4794,57,19.07.2022 01:56,19.07.2022 04:15,19.07.2022 02:26
6294,62,18.07.2022 23:34,19.07.2022 01:12,19.07.2022 00:04
8251,94,18.07.2022 20:27,18.07.2022 23:41,18.07.2022 20:57
9244,67,18.07.2022 21:43,18.07.2022 23:05,18.07.2022 22:13
5803,75,18.07.2022 23:11,18.07.2022 23:32,18.07.2022 23:41
6592,64,19.07.2022 00:55,19.07.2022 03:33,19.07.2022 01:25
7816,76,18.07.2022 21:47,18.07.2022 23:24,18.07.2022 22:17
1612,44,19.07.2022 01:23,19.07.2022 04:44,19.07.2022 01:53
5587,21,18.07.2022 22:48,19.07.2022 02:44,18.07.2022 23:18
1587,86,18.07.2022 21:46,19.07.2022 01:12,18.07.2022 22:16
8474,14,18.07.2022 20:36,18.07.2022 21:49,18.07.2022 21:06
4321,13,18.07.2022 23:54,19.07.2022 02:32,19.07.2022 00:24
5690,68,18.07.2022 19:14,18.07.2022 23:04,18.07.2022 19:44
3376,62,18.07.2022 20:30,18.07.2022 23:28,18.07.2022 21:00
6188,72,19.07.2022 00:36,19.07.2022 01:22,19.07.2022 01:06
5860,17,18.07.2022 18:38,18.07.2022 18:44,18.07.2022 19:08
5866,98,19.07.2022 00:26,19.07.2022 01:53,19.07.2022 00:56
3725,96,18.07.2022 21:34,18.07.2022 23:24,18.07.2022 22:04
2053,66,19.07.2022 00:20,19.07.2022 01:44,19.07.2022 00:50
7498,64,18.07.2022 23:29,19.07.2022 03:13,18.07.2022 23:59
1984,85,18.07.2022 22:13,18.07.2022 22:21,18.07.2022 22:43
1434,77,18.07.2022 22:31,18.07.2022 22:55,18.07.2022 23:01
8504,21,18.07.2022 23:28,19.07.2022 02:11,18.07.2022 23:58
9897,62,18.07.2022 21:22,19.07.2022 00:06,18.07.2022 21:52
7260,31,18.07.2022 19:15,18.07.2022 19:45,18.07.2022 19:45
6844,87,18.07.2022 21:37,19.07.2022 00:29,18.07.2022 22:07
4834,38,18.07.2022 20:15,18.07.2022 23:57,18.07.2022 20:45
6055,48,18.07.2022 23:33,19.07.2022 03:25,19.07.2022 00:03
9596,74,18.07.2022 23:30,19.07.2022 01:40,19.07.2022 00:00
4722,28,18.07.2022 18:20,18.07.2022 20:59,18.07.2022 18:50
3595,71,18.07.2022 22:23,19.07.2022 00:22,18.07.2022 22:53
8815,49,18.07.2022 21:14,18.07.2022 21:23,18.07.2022 21:44
1444,93,18.07.2022 22:46,19.07.2022 01:58,18.07.2022 23:16
2306,60,19.07.2022 00:32,19.07.2022 03:18,19.07.2022 01:02
5276,17,18.07.2022 22:32,19.07.2022 01:59,18.07.2022 23:02
4960,74,19.07.2022 00:51,19.07.2022 04:26,19.07.2022 01:21
7050,87,18.07.2022 22:12,19.07.2022 01:39,18.07.2022 22:42
4801,77,18.07.2022 22:10,18.07.2022 23:45,18.07.2022 22:40
7003,41,18.07.2022 20:02,18.07.2022 21:32,18.07.2022 20:32
2636,34,18.07.2022 22:09,19.07.2022 00:03,18.07.2022 22:39
8656,35,18.07.2022 19:21,18.07.2022 22:49,18.07.2022 19:51
6531,35,18.07.2022 20:43,18.07.2022 23:51,18.07.2022 21:13
4451,20,18.07.2022 23:42,19.07.2022 03:41,19.07.2022 00:12
1282,29,18.07.2022 21:34,19.07.2022 01:33,18.07.2022 22:04
4710,58,18.07.2022 21:58,19.07.2022 00:40,18.07.2022 22:28
8034,10,18.07.2022 20:24,18.07.2022 22:40,18.07.2022 20:54
8809,56,18.07.2022 22:32,19.07.2022 00:40,18.07.2022 23:02
6699,10,19.07.2022 01:31,19.07.2022 04:29,19.07.2022 02:01
8104,64,18.07.2022 19:26,18.07.2022 22:26,18.07.2022 19:56
5185,62,18.07.2022 19:41,18.07.2022 22:58,18.07.2022 20:11
8416,96,18.07.2022 18:43,18.07.2022 18:55,18.07.2022 19:13
2678,92,18.07.2022 21:53,18.07.2022 22:42,18.07.2022 22:23
8584,83,18.07.2022 17:25,18.07.2022 19:09,18.07.2022 17:55
9163,86,18.07.2022 22:37,19.07.2022 02:30,18.07.2022 23:07
4471,99,18.07.2022 23:07,19.07.2022 00:59,18.07.2022 23:37
6171,47,19.07.2022 00:38,19.07.2022 04:07,19.07.2022 01:08
4327,34,18.07.2022 23:00,19.07.2022 01:41,18.07.2022 23:30
5875,86,18.07.2022 22:37,19.07.2022 00:54,18.07.2022 23:07
4987,16,18.07.2022 22:15,19.07.2022 02:14,18.07.2022 22:45
1739,16,18.07.2022 22:03,19.07.2022 00:00,18.07.2022 22:33
4029,36,18.07.2022 22:12,19.07.2022 01:58,18.07.2022 22:42
3487,67,18.07.2022 23:53,19.07.2022 01:37,19.07.2022 00:23
4399,83,18.07.2022 20:04,18.07.2022 21:41,18.07.2022 20:34
7496,93,18.07.2022 23:07,18.07.2022 23:36,18.07.2022 23:37
4380,22,18.07.2022 22:06,19.07.2022 00:12,18.07.2022 22:36
4652,69,18.07.2022 21:16,19.07.2022 00:21,18.07.2022 21:46
9134,58,19.07.2022 00:04,19.07.2022 01:59,19.07.2022 00:34
7339,91,18.07.2022 20:42,18.07.2022 22:40,18.07.2022 21:12
9544,88,18.07.2022 23:32,19.07.2022 02:26,19.07.2022 00:02
8260,70,18.07.2022 19:14,18.07.2022 22:31,18.07.2022 19:44
7488,14,18.07.2022 22:55,18.07.2022 23:28,18.07.2022 23:25
7513,17,18.07.2022 23:27,19.07.2022 02:17,18.07.2022 23:57
8608,30,18.07.2022 23:42,19.07.2022 03:36,19.07.2022 00:12
2916,93,19.07.2022 03:16,19.07.2022 05:16,19.07.2022 03:46
2071,49,18.07.2022 22:20,19.07.2022 01:25,18.07.2022 22:50
7147,53,19.07.2022 02:19,19.07.2022 02:30,19.07.2022 02:49
3264,65,18.07.2022 20:25,18.07.2022 22:30,18.07.2022 20:55
5200,40,19.07.2022 02:40,19.07.2022 06:39,19.07.2022 03:10
7140,87,18.07.2022 21:48,18.07.2022 23:23,18.07.2022 22:18
8391,77,19.07.2022 02:03,19.07.2022 04:08,19.07.2022 02:33
7312,49,18.07.2022 21:31,18.07.2022 21:37,18.07.2022 22:01
1798,82,18.07.2022 23:15,19.07.2022 03:01,18.07.2022 23:45
8545,28,18.07.2022 21:32,19.07.2022 01:13,18.07.2022 22:02
2880,60,18.07.2022 20:34,18.07.2022 23:21,18.07.2022 21:04
4531,27,18.07.2022 23:10,18.07.2022 23:18,18.07.2022 23:40
8437,39,18.07.2022 20:28,18.07.2022 20:43,18.07.2022 20:58
3421,83,19.07.2022 00:38,19.07.2022 03:11,19.07.2022 01:08
3296,63,18.07.2022 23:28,19.07.2022 02:38,18.07.2022 23:58
5508,66,18.07.2022 22:01,19.07.2022 00:33,18.07.2022 22:31
7733,17,18.07.2022 23:07,19.07.2022 02:02,18.07.2022 23:37
4360,54,18.07.2022 21:47,18.07.2022 22:52,18.07.2022 22:17
2579,71,19.07.2022 03:09,19.07.2022 06:58,19.07.2022 03:39
1909,22,19.07.2022 00:03,19.07.2022 01:39,19.07.2022 00:33
6766,66,18.07.2022 21:40,19.07.2022 01:12,18.07.2022 22:10
9344,64,18.07.2022 19:23,18.07.2022 22:03,18.07.2022 19:53
3548,78,18.07.2022 18:39,18.07.2022 21:23,18.07.2022 19:09
2304,18,18.07.2022 21:14,19.07.2022 00:13,18.07.2022 21:44
6292,43,18.07.2022 22:53,19.07.2022 02:15,18.07.2022 23:23
8377,88,18.07.2022 21:22,18.07.2022 23:01,18.07.2022 21:52
9655,66,19.07.2022 00:03,19.07.2022 00:43,19.07.2022 00:33
9040,46,18.07.2022 18:45,18.07.2022 19:11,18.07.2022 19:15
5947,92,18.07.2022 21:40,19.07.2022 00:16,18.07.2022 22:10
2394,55,19.07.2022 00:23,19.07.2022 00:48,19.07.2022 00:53
1099,14,18.07.2022 18:46,18.07.2022 21:49,18.07.2022 19:16
4492,89,18.07.2022 23:04,19.07.2022 01:32,18.07.2022 23:34
6520,12,18.07.2022 22:31,18.07.2022 23:04,18.07.2022 23:01
8917,67,18.07.2022 19:21,18.07.2022 20:01,18.07.2022 19:51
8250,78,18.07.2022 21:22,19.07.2022 00:31,18.07.2022 21:52
6770,93,19.07.2022 00:25,19.07.2022 04:18,19.07.2022 00:55
7020,83,18.07.2022 23:31,19.07.2022 01:02,19.07.2022 00:01
3484,26,18.07.2022 21:48,19.07.2022 01:00,18.07.2022 22:18
6701,20,18.07.2022 21:16,18.07.2022 22:48,18.07.2022 21:46
3786,99,18.07.2022 21:04,19.07.2022 00:07,18.07.2022 21:34
5746,81,18.07.2022 22:14,18.07.2022 22:53,18.07.2022 22:44
4130,81,18.07.2022 21:53,18.07.2022 22:48,18.07.2022 22:23
7849,35,18.07.2022 21:30,18.07.2022 21:54,18.07.2022 22:00
1636,76,18.07.2022 19:14,18.07.2022 23:11,18.07.2022 19:44
7159,72,18.07.2022 21:44,19.07.2022 00:04,18.07.2022 22:14
5121,55,18.07.2022 23:46,19.07.2022 03:06,19.07.2022 00:16
2080,71,18.07.2022 20:40,18.07.2022 22:54,18.07.2022 21:10
6223,92,18.07.2022 20:03,18.07.2022 22:08,18.07.2022 20:33
2824,86,18.07.2022 21:33,18.07.2022 23:55,18.07.2022 22:03
9541,89,18.07.2022 23:04,19.07.2022 01:37,18.07.2022 23:34
7336,72,18.07.2022 18:48,18.07.2022 22:16,18.07.2022 19:18
1075,44,18.07.2022 19:54,18.07.2022 23:50,18.07.2022 20:24
1828,50,18.07.2022 23:15,19.07.2022 00:25,18.07.2022 23:45
9865,40,18.07.2022 22:14,18.07.2022 22:21,18.07.2022 22:44
8784,83,18.07.2022 21:44,19.07.2022 00:46,18.07.2022 22:14
6730,57,18.07.2022 22:22,19.07.2022 00:45,18.07.2022 22:52
3581,81,18.07.2022 23:34,18.07.2022 23:53,19.07.2022 00:04
8216,41,19.07.2022 00:47,19.07.2022 01:57,19.07.2022 01:17
6298,76,18.07.2022 21:16,18.07.2022 21:48,18.07.2022 21:46
7341,34,19.07.2022 00:59,19.07.2022 03:35,19.07.2022 01:29
6168,58,18.07.2022 22:30,18.07.2022 22:38,18.07.2022 23:00
4493,18,18.07.2022 21:48,18.07.2022 23:30,18.07.2022 22:18
1606,97,19.07.2022 00:10,19.07.2022 03:21,19.07.2022 00:40
2742,37,18.07.2022 23:40,19.07.2022 00:11,19.07.2022 00:10
7320,51,18.07.2022 20:58,19.07.2022 00:38,18.07.2022 21:28
8222,96,18.07.2022 19:16,18.07.2022 21:30,18.07.2022 19:46
9280,29,19.07.2022 01:11,19.07.2022 04:40,19.07.2022 01:41
8308,58,18.07.2022 22:28,19.07.2022 02:09,18.07.2022 22:58
8446,35,19.07.2022 00:37,19.07.2022 02:17,19.07.2022 01:07
7945,91,19.07.2022 00:58,19.07.2022 04:50,19.07.2022 01:28
9544,21,18.07.2022 19:51,18.07.2022 23:01,18.07.2022 20:21
3797,58,18.07.2022 22:45,18.07.2022 23:07,18.07.2022 23:15
9832,92,19.07.2022 01:10,19.07.2022 03:46,19.07.2022 01:40
4156,39,18.07.2022 19:27,18.07.2022 19:31,18.07.2022 19:57
7861,12,18.07.2022 21:57,18.07.2022 23:23,18.07.2022 22:27
2413,19,18.07.2022 19:13,18.07.2022 19:19,18.07.2022 19:43
4429,21,18.07.2022 22:32,19.07.2022 01:08,18.07.2022 23:02
7372,30,19.07.2022 01:57,19.07.2022 03:27,19.07.2022 02:27
8632,38,18.07.2022 22:32,19.07.2022 02:07,18.07.2022 23:02
7590,11,18.07.2022 19:08,18.07.2022 19:49,18.07.2022 19:38
9913,22,18.07.2022 20:07,18.07.2022 20:57,18.07.2022 20:37
4260,62,18.07.2022 22:45,18.07.2022 23:12,18.07.2022 23:15
7440,40,19.07.2022 01:25,19.07.2022 02:01,19.07.2022 01:55
4798,25,18.07.2022 22:30,19.07.2022 01:17,18.07.2022 23:00
2872,41,18.07.2022 19:47,18.07.2022 19:57,18.07.2022 20:17
3284,45,18.07.2022 20:18,18.07.2022 23:15,18.07.2022 20:48
9616,55,18.07.2022 19:39,18.07.2022 22:50,18.07.2022 20:09
5761,46,18.07.2022 23:37,18.07.2022 23:57,19.07.2022 00:07
8890,99,18.07.2022 20:19,18.07.2022 21:58,18.07.2022 20:49
1486,18,18.07.2022 21:52,18.07.2022 22:12,18.07.2022 22:22
5236,29,18.07.2022 23:24,19.07.2022 02:45,18.07.2022 23:54
4951,76,18.07.2022 20:48,18.07.2022 22:19,18.07.2022 21:18
8926,75,18.07.2022 21:19,18.07.2022 21:53,18.07.2022 21:49
2061,41,18.07.2022 19:50,18.07.2022 21:29,18.07.2022 20:20
8140,20,18.07.2022 21:42,19.07.2022 01:09,18.07.2022 22:12
2311,82,19.07.2022 01:10,19.07.2022 03:01,19.07.2022 01:40
6116,56,19.07.2022 01:14,19.07.2022 04:15,19.07.2022 01:44
9331,30,18.07.2022 21:27,19.07.2022 01:27,18.07.2022 21:57
4464,36,18.07.2022 23:29,19.07.2022 02:07,18.07.2022 23:59
4450,46,18.07.2022 21:47,18.07.2022 23:42,18.07.2022 22:17
7234,83,18.07.2022 19:04,18.07.2022 19:57,18.07.2022 19:34
3103,98,18.07.2022 21:00,19.07.2022 00:00,18.07.2022 21:30
6114,63,18.07.2022 20:26,19.07.2022 00:03,18.07.2022 20:56
5008,88,18.07.2022 23:15,19.07.2022 00:00,18.07.2022 23:45
8620,84,18.07.2022 21:45,18.07.2022 23:42,18.07.2022 22:15
7251,26,18.07.2022 21:02,19.07.2022 00:30,18.07.2022 21:32
5280,61,18.07.2022 22:13,19.07.2022 00:20,18.07.2022 22:43
2618,40,18.07.2022 19:58,18.07.2022 22:40,18.07.2022 20:28
2264,31,18.07.2022 20:47,18.07.2022 22:55,18.07.2022 21:17
1156,32,18.07.2022 22:26,18.07.2022 22:35,18.07.2022 22:56
6972,46,18.07.2022 20:28,18.07.2022 22:51,18.07.2022 20:58
5062,67,18.07.2022 21:10,19.07.2022 00:08,18.07.2022 21:40
5941,98,19.07.2022 02:13,19.07.2022 03:39,19.07.2022 02:43
5420,83,18.07.2022 23:45,19.07.2022 03:10,19.07.2022 00:15
8124,41,18.07.2022 19:17,18.07.2022 22:19,18.07.2022 19:47
1279,48,18.07.2022 18:57,18.07.2022 21:56,18.07.2022 19:27
6067,66,18.07.2022 21:50,18.07.2022 22:52,18.07.2022 22:20
2116,86,18.07.2022 22:02,19.07.2022 00:14,18.07.2022 22:32
8037,87,18.07.2022 20:08,18.07.2022 22:41,18.07.2022 20:38
3490,27,18.07.2022 19:43,18.07.2022 21:31,18.07.2022 20:13
3744,94,19.07.2022 02:26,19.07.2022 03:54,19.07.2022 02:56
1178,79,18.07.2022 18:27,18.07.2022 20:30,18.07.2022 18:57
4870,77,19.07.2022 00:00,19.07.2022 02:54,19.07.2022 00:30
9286,19,19.07.2022 00:24,19.07.2022 03:10,19.07.2022 00:54
9054,42,18.07.2022 17:32,18.07.2022 18:03,18.07.2022 18:02
4384,41,18.07.2022 22:55,19.07.2022 00:43,18.07.2022 23:25
4456,43,18.07.2022 22:09,19.07.2022 01:11,18.07.2022 22:39
4472,58,18.07.2022 20:41,19.07.2022 00:10,18.07.2022 21:11
2938,20,18.07.2022 23:34,19.07.2022 00:26,19.07.2022 00:04
9270,20,18.07.2022 23:25,19.07.2022 02:14,18.07.2022 23:55
3034,44,18.07.2022 21:36,19.07.2022 00:12,18.07.2022 22:06
7653,55,19.07.2022 01:00,19.07.2022 01:22,19.07.2022 01:30
2845,32,19.07.2022 00:27,19.07.2022 03:15,19.07.2022 00:57
8180,92,18.07.2022 22:56,19.07.2022 02:49,18.07.2022 23:26
6776,27,18.07.2022 23:14,19.07.2022 01:41,18.07.2022 23:44
3904,91,18.07.2022 23:03,18.07.2022 23:40,18.07.2022 23:33
4934,58,18.07.2022 20:49,18.07.2022 23:03,18.07.2022 21:19
4852,66,18.07.2022 21:33,18.07.2022 21:40,18.07.2022 22:03
4102,70,18.07.2022 23:16,19.07.2022 00:12,18.07.2022 23:46
3535,29,18.07.2022 20:12,18.07.2022 21:41,18.07.2022 20:42
5815,20,18.07.2022 21:37,18.07.2022 21:39,18.07.2022 22:07
4654,82,18.07.2022 20:57,18.07.2022 23:55,18.07.2022 21:27
3958,99,18.07.2022 20:48,18.07.2022 23:17,18.07.2022 21:18
9276,46,18.07.2022 22:55,19.07.2022 02:08,18.07.2022 23:25
2705,32,18.07.2022 21:05,18.07.2022 21:54,18.07.2022 21:35
4478,51,18.07.2022 20:50,18.07.2022 23:07,18.07.2022 21:20
6392,83,18.07.2022 23:42,19.07.2022 03:31,19.07.2022 00:12
9922,46,18.07.2022 21:40,18.07.2022 22:17,18.07.2022 22:10
1900,20,18.07.2022 21:36,18.07.2022 23:00,18.07.2022 22:06
3166,15,18.07.2022 19:09,18.07.2022 20:48,18.07.2022 19:39
6212,45,18.07.2022 22:19,19.07.2022 00:17,18.07.2022 22:49
8432,17,18.07.2022 20:19,18.07.2022 23:01,18.07.2022 20:49
4681,30,18.07.2022 21:58,19.07.2022 00:07,18.07.2022 22:28
2782,44,18.07.2022 19:31,18.07.2022 20:42,18.07.2022 20:01
9340,78,18.07.2022 21:05,18.07.2022 23:39,18.07.2022 21:35
6754,22,18.07.2022 23:44,19.07.2022 02:03,19.07.2022 00:14
6039,28,18.07.2022 23:25,19.07.2022 02:38,18.07.2022 23:55
9031,15,18.07.2022 20:58,18.07.2022 21:47,18.07.2022 21:28
1864,13,18.07.2022 23:07,19.07.2022 02:13,18.07.2022 23:37
7534,72,18.07.2022 22:12,19.07.2022 01:01,18.07.2022 22:42
2843,71,18.07.2022 23:43,19.07.2022 02:25,19.07.2022 00:13
5452,97,18.07.2022 20:56,18.07.2022 21:43,18.07.2022 21:26
2995,76,19.07.2022 00:07,19.07.2022 03:33,19.07.2022 00:37
9406,25,18.07.2022 22:10,18.07.2022 22:20,18.07.2022 22:40
4823,36,18.07.2022 22:24,18.07.2022 23:03,18.07.2022 22:54
6464,57,18.07.2022 22:25,18.07.2022 23:25,18.07.2022 22:55
5060,14,18.07.2022 23:27,19.07.2022 03:13,18.07.2022 23:57
3844,15,19.07.2022 00:15,19.07.2022 03:56,19.07.2022 00:45
1831,80,18.07.2022 23:10,19.07.2022 02:00,18.07.2022 23:40
9391,70,18.07.2022 22:57,19.07.2022 00:27,18.07.2022 23:27
4914,28,18.07.2022 22:45,19.07.2022 00:46,18.07.2022 23:15
3802,99,18.07.2022 23:05,19.07.2022 00:47,18.07.2022 23:35
9150,74,18.07.2022 22:35,19.07.2022 00:58,18.07.2022 23:05
5978,18,18.07.2022 22:46,19.07.2022 01:10,18.07.2022 23:16
7368,28,18.07.2022 22:08,18.07.2022 23:44,18.07.2022 22:38
8346,61,18.07.2022 20:12,18.07.2022 23:21,18.07.2022 20:42
5444,95,18.07.2022 23:01,19.07.2022 00:40,18.07.2022 23:31
8175,13,18.07.2022 18:53,18.07.2022 21:53,18.07.2022 19:23
1097,96,18.07.2022 22:34,18.07.2022 22:56,18.07.2022 23:04
9739,90,18.07.2022 22:18,18.07.2022 22:30,18.07.2022 22:48
4214,78,18.07.2022 22:38,19.07.2022 02:21,18.07.2022 23:08
8482,41,18.07.2022 20:50,18.07.2022 23:36,18.07.2022 21:20
7220,64,18.07.2022 18:22,18.07.2022 21:43,18.07.2022 18:52
6876,44,18.07.2022 20:53,18.07.2022 22:40,18.07.2022 21:23
4652,90,18.07.2022 18:58,18.07.2022 22:15,18.07.2022 19:28
6677,13,19.07.2022 00:24,19.07.2022 03:44,19.07.2022 00:54
9338,26,18.07.2022 22:34,19.07.2022 00:48,18.07.2022 23:04
4299,77,18.07.2022 21:02,18.07.2022 21:21,18.07.2022 21:32
1138,97,18.07.2022 20:46,18.07.2022 22:45,18.07.2022 21:16
6064,59,18.07.2022 22:05,19.07.2022 01:47,18.07.2022 22:35
3996,49,19.07.2022 01:06,19.07.2022 02:56,19.07.2022 01:36
7034,88,18.07.2022 23:20,19.07.2022 00:12,18.07.2022 23:50
3711,53,19.07.2022 00:40,19.07.2022 02:18,19.07.2022 01:10
4474,24,18.07.2022 21:22,18.07.2022 23:03,18.07.2022 21:52
4986,26,18.07.2022 20:44,18.07.2022 22:27,18.07.2022 21:14
6949,47,19.07.2022 01:17,19.07.2022 03:47,19.07.2022 01:47
5201,49,18.07.2022 22:44,19.07.2022 00:04,18.07.2022 23:14
3402,14,18.07.2022 22:02,18.07.2022 22:28,18.07.2022 22:32
4094,98,19.07.2022 01:56,19.07.2022 03:45,19.07.2022 02:26
2188,56,18.07.2022 22:07,18.07.2022 23:11,18.07.2022 22:37
2626,70,18.07.2022 20:54,18.07.2022 23:15,18.07.2022 21:24
1799,94,18.07.2022 23:40,19.07.2022 02:52,19.07.2022 00:10
3262,29,18.07.2022 21:05,18.07.2022 21:40,18.07.2022 21:35
8240,57,18.07.2022 20:11,18.07.2022 22:53,18.07.2022 20:41
3094,75,18.07.2022 22:38,19.07.2022 02:12,18.07.2022 23:08
9898,38,19.07.2022 02:35,19.07.2022 05:04,19.07.2022 03:05
3118,79,18.07.2022 22:35,19.07.2022 02:26,18.07.2022 23:05
5083,60,19.07.2022 00:34,19.07.2022 01:54,19.07.2022 01:04
6549,76,18.07.2022 22:35,19.07.2022 00:51,18.07.2022 23:05
8316,91,18.07.2022 20:55,18.07.2022 22:46,18.07.2022 21:25
1126,45,18.07.2022 19:51,18.07.2022 21:45,18.07.2022 20:21
8215,11,18.07.2022 20:08,18.07.2022 23:03,18.07.2022 20:38
6596,67,18.07.2022 20:55,19.07.2022 00:01,18.07.2022 21:25
9730,51,18.07.2022 19:20,18.07.2022 22:31,18.07.2022 19:50
8888,96,18.07.2022 23:54,19.07.2022 01:35,19.07.2022 00:24
9610,74,18.07.2022 20:44,19.07.2022 00:21,18.07.2022 21:14
7960,22,18.07.2022 23:43,19.07.2022 00:51,19.07.2022 00:13
7366,27,18.07.2022 20:07,18.07.2022 22:51,18.07.2022 20:37
5942,57,18.07.2022 22:55,19.07.2022 00:46,18.07.2022 23:25
9523,49,18.07.2022 23:40,19.07.2022 02:03,19.07.2022 00:10
3061,81,18.07.2022 22:46,18.07.2022 23:19,18.07.2022 23:16
5132,21,19.07.2022 00:05,19.07.2022 01:13,19.07.2022 00:35
6216,95,19.07.2022 01:15,19.07.2022 01:20,19.07.2022 01:45
2020,68,18.07.2022 20:44,18.07.2022 21:50,18.07.2022 21:14
8791,51,18.07.2022 22:29,18.07.2022 22:56,18.07.2022 22:59
3492,14,18.07.2022 23:57,19.07.2022 03:43,19.07.2022 00:27
5436,63,18.07.2022 22:55,18.07.2022 23:38,18.07.2022 23:25
5620,16,18.07.2022 22:16,19.07.2022 00:32,18.07.2022 22:46
6793,82,18.07.2022 22:04,18.07.2022 22:37,18.07.2022 22:34
5144,51,19.07.2022 00:25,19.07.2022 03:02,19.07.2022 00:55
5108,77,19.07.2022 00:08,19.07.2022 03:54,19.07.2022 00:38
5371,80,18.07.2022 20:20,19.07.2022 00:13,18.07.2022 20:50
9881,58,18.07.2022 22:38,18.07.2022 23:32,18.07.2022 23:08
3174,16,18.07.2022 23:22,19.07.2022 01:18,18.07.2022 23:52
6040,25,18.07.2022 19:19,18.07.2022 20:59,18.07.2022 19:49
4705,57,18.07.2022 23:42,19.07.2022 00:54,19.07.2022 00:12
1084,68,19.07.2022 00:01,19.07.2022 00:57,19.07.2022 00:31
7004,79,18.07.2022 23:16,19.07.2022 02:25,18.07.2022 23:46
9802,79,18.07.2022 21:19,18.07.2022 23:46,18.07.2022 21:49
2440,91,18.07.2022 22:05,18.07.2022 23:09,18.07.2022 22:35
7855,23,18.07.2022 19:45,18.07.2022 21:50,18.07.2022 20:15
9725,22,19.07.2022 01:01,19.07.2022 03:08,19.07.2022 01:31
4328,14,18.07.2022 20:49,18.07.2022 21:42,18.07.2022 21:19
2924,33,19.07.2022 00:41,19.07.2022 02:46,19.07.2022 01:11
3247,44,18.07.2022 20:26,18.07.2022 20:32,18.07.2022 20:56
2899,82,18.07.2022 22:57,18.07.2022 23:03,18.07.2022 23:27
3096,43,18.07.2022 22:02,19.07.2022 01:16,18.07.2022 22:32
2467,33,18.07.2022 23:09,19.07.2022 02:33,18.07.2022 23:39
7183,41,19.07.2022 00:09,19.07.2022 00:46,19.07.2022 00:39
7832,82,18.07.2022 19:00,18.07.2022 21:49,18.07.2022 19:30
8500,50,19.07.2022 01:19,19.07.2022 03:30,19.07.2022 01:49
6708,48,18.07.2022 20:49,19.07.2022 00:02,18.07.2022 21:19
1308,89,18.07.2022 19:55,18.07.2022 21:23,18.07.2022 20:25
1897,46,19.07.2022 00:28,19.07.2022 02:24,19.07.2022 00:58
2521,78,19.07.2022 00:13,19.07.2022 03:25,19.07.2022 00:43
7408,88,18.07.2022 21:11,18.07.2022 23:22,18.07.2022 21:41
2741,14,18.07.2022 22:27,19.07.2022 01:51,18.07.2022 22:57
6397,40,18.07.2022 20:27,18.07.2022 22:39,18.07.2022 20:57
8138,16,18.07.2022 22:10,19.07.2022 02:07,18.07.2022 22:40
1776,15,18.07.2022 20:05,18.07.2022 22:02,18.07.2022 20:35
6592,16,19.07.2022 00:06,19.07.2022 01:43,19.07.2022 00:36
6750,34,18.07.2022 19:42,18.07.2022 21:08,18.07.2022 20:12
5959,47,18.07.2022 20:13,18.07.2022 20:43,18.07.2022 20:43
7534,70,18.07.2022 23:35,19.07.2022 01:21,19.07.2022 00:05
3748,87,19.07.2022 00:05,19.07.2022 00:50,19.07.2022 00:35
5919,28,18.07.2022 20:34,18.07.2022 22:45,18.07.2022 21:04
9378,25,18.07.2022 21:56,19.07.2022 00:04,18.07.2022 22:26
4606,24,18.07.2022 22:35,18.07.2022 23:29,18.07.2022 23:05
9974,21,18.07.2022 21:09,19.07.2022 01:02,18.07.2022 21:39
7580,94,18.07.2022 22:34,19.07.2022 02:01,18.07.2022 23:04
6478,13,18.07.2022 20:21,18.07.2022 23:05,18.07.2022 20:51
9304,99,18.07.2022 18:27,18.07.2022 19:57,18.07.2022 18:57
5005,78,18.07.2022 20:09,18.07.2022 23:14,18.07.2022 20:39
4407,15,19.07.2022 00:52,19.07.2022 04:14,19.07.2022 01:22
9734,45,18.07.2022 23:02,19.07.2022 00:09,18.07.2022 23:32
1576,74,18.07.2022 22:00,19.07.2022 00:39,18.07.2022 22:30
1070,44,18.07.2022 23:05,18.07.2022 23:33,18.07.2022 23:35
3998,32,18.07.2022 20:35,18.07.2022 20:48,18.07.2022 21:05
9288,66,18.07.2022 22:19,18.07.2022 23:05,18.07.2022 22:49
9667,11,18.07.2022 22:49,19.07.2022 00:05,18.07.2022 23:19
9925,99,18.07.2022 22:52,19.07.2022 02:41,18.07.2022 23:22
3482,21,18.07.2022 20:36,18.07.2022 22:06,18.07.2022 21:06
7111,63,19.07.2022 00:47,19.07.2022 04:08,19.07.2022 01:17
1660,50,19.07.2022 01:50,19.07.2022 05:32,19.07.2022 02:20
4915,31,19.07.2022 00:33,19.07.2022 02:36,19.07.2022 01:03
7546,47,18.07.2022 20:37,18.07.2022 23:03,18.07.2022 21:07
8785,10,18.07.2022 18:39,18.07.2022 19:31,18.07.2022 19:09
8370,53,18.07.2022 23:16,19.07.2022 00:25,18.07.2022 23:46
9091,54,18.07.2022 21:22,19.07.2022 00:43,18.07.2022 21:52
7371,53,18.07.2022 23:42,19.07.2022 03:25,19.07.2022 00:12
6433,44,18.07.2022 22:08,18.07.2022 23:42,18.07.2022 22:38
1340,74,18.07.2022 20:47,18.07.2022 21:47,18.07.2022 21:17
1194,66,18.07.2022 18:31,18.07.2022 20:27,18.07.2022 19:01
5896,15,18.07.2022 21:39,19.07.2022 00:56,18.07.2022 22:09
8896,46,18.07.2022 21:28,18.07.2022 21:55,18.07.2022 21:58
8745,88,19.07.2022 01:26,19.07.2022 03:27,19.07.2022 01:56
3979,63,18.07.2022 19:56,18.07.2022 23:50,18.07.2022 20:26
1065,63,18.07.2022 22:01,18.07.2022 22:57,18.07.2022 22:31
9674,97,18.07.2022 21:45,18.07.2022 23:59,18.07.2022 22:15
6367,46,18.07.2022 22:38,19.07.2022 00:59,18.07.2022 23:08
9034,30,18.07.2022 22:25,18.07.2022 22:30,18.07.2022 22:55
6913,72,18.07.2022 23:12,18.07.2022 23:50,18.07.2022 23:42
3696,90,19.07.2022 01:44,19.07.2022 03:53,19.07.2022 02:14
3712,49,18.07.2022 23:25,19.07.2022 02:24,18.07.2022 23:55
4534,73,18.07.2022 22:20,19.07.2022 01:16,18.07.2022 22:50
8818,97,19.07.2022 00:45,19.07.2022 03:06,19.07.2022 01:15
2230,74,19.07.2022 02:40,19.07.2022 02:57,19.07.2022 03:10
8257,87,19.07.2022 00:53,19.07.2022 02:03,19.07.2022 01:23
7876,46,18.07.2022 22:10,19.07.2022 00:20,18.07.2022 22:40
8404,52,18.07.2022 20:54,19.07.2022 00:24,18.07.2022 21:24
9408,70,18.07.2022 21:49,18.07.2022 23:43,18.07.2022 22:19
2272,24,18.07.2022 21:58,18.07.2022 22:21,18.07.2022 22:28
5390,45,18.07.2022 19:42,18.07.2022 21:48,18.07.2022 20:12
1302,67,18.07.2022 20:44,18.07.2022 23:04,18.07.2022 21:14
2827,24,19.07.2022 01:42,19.07.2022 03:18,19.07.2022 02:12
5106,35,18.07.2022 21:57,19.07.2022 00:44,18.07.2022 22:27
5284,85,19.07.2022 01:27,19.07.2022 01:43,19.07.2022 01:57
1960,84,18.07.2022 19:49,18.07.2022 20:16,18.07.2022 20:19
7585,21,18.07.2022 20:43,18.07.2022 23:50,18.07.2022 21:13
3846,56,19.07.2022 00:10,19.07.2022 01:12,19.07.2022 00:40
5455,20,18.07.2022 20:26,18.07.2022 23:31,18.07.2022 20:56
5854,59,18.07.2022 21:45,18.07.2022 23:25,18.07.2022 22:15
8326,75,18.07.2022 18:30,18.07.2022 21:10,18.07.2022 19:00
7663,69,19.07.2022 02:36,19.07.2022 05:19,19.07.2022 03:06
7873,28,19.07.2022 00:10,19.07.2022 02:56,19.07.2022 00:40
6529,46,18.07.2022 22:32,18.07.2022 23:17,18.07.2022 23:02
7260,20,18.07.2022 22:50,18.07.2022 23:24,18.07.2022 23:20
1362,42,18.07.2022 22:54,19.07.2022 01:50,18.07.2022 23:24
7861,42,18.07.2022 20:57,18.07.2022 22:03,18.07.2022 21:27
8257,97,18.07.2022 20:53,18.07.2022 22:52,18.07.2022 21:23
2218,85,18.07.2022 21:15,19.07.2022 00:29,18.07.2022 21:45
9388,82,18.07.2022 21:33,18.07.2022 22:44,18.07.2022 22:03
5260,53,18.07.2022 21:51,18.07.2022 22:44,18.07.2022 22:21
7934,92,19.07.2022 01:24,19.07.2022 02:19,19.07.2022 01:54
7088,98,18.07.2022 18:20,18.07.2022 20:18,18.07.2022 18:50
1330,82,18.07.2022 21:15,19.07.2022 00:13,18.07.2022 21:45
1983,81,19.07.2022 00:33,19.07.2022 03:32,19.07.2022 01:03
5596,32,18.07.2022 21:36,18.07.2022 22:25,18.07.2022 22:06
5390,76,19.07.2022 00:51,19.07.2022 03:27,19.07.2022 01:21
6446,49,18.07.2022 22:57,19.07.2022 01:42,18.07.2022 23:27
9002,33,18.07.2022 23:27,19.07.2022 03:14,18.07.2022 23:57
3067,59,18.07.2022 21:32,18.07.2022 22:32,18.07.2022 22:02
5584,27,18.07.2022 21:10,18.07.2022 23:21,18.07.2022 21:40
8662,14,18.07.2022 19:53,18.07.2022 22:55,18.07.2022 20:23
9118,95,18.07.2022 21:42,18.07.2022 21:45,18.07.2022 22:12
4546,81,18.07.2022 22:03,19.07.2022 00:56,18.07.2022 22:33
8424,49,18.07.2022 21:24,18.07.2022 21:33,18.07.2022 21:54
1362,86,19.07.2022 00:27,19.07.2022 01:01,19.07.2022 00:57
3968,91,18.07.2022 22:54,18.07.2022 23:56,18.07.2022 23:24
4234,83,18.07.2022 21:33,18.07.2022 22:41,18.07.2022 22:03
2336,53,18.07.2022 21:26,18.07.2022 22:05,18.07.2022 21:56
5171,10,19.07.2022 01:00,19.07.2022 04:09,19.07.2022 01:30
8914,87,18.07.2022 19:27,18.07.2022 21:52,18.07.2022 19:57
8692,62,18.07.2022 23:18,19.07.2022 00:01,18.07.2022 23:48
9253,57,18.07.2022 23:35,19.07.2022 00:45,19.07.2022 00:05
1800,39,18.07.2022 22:12,18.07.2022 23:28,18.07.2022 22:42
8998,97,18.07.2022 21:54,19.07.2022 00:41,18.07.2022 22:24
7450,27,18.07.2022 22:14,18.07.2022 23:24,18.07.2022 22:44
4204,73,18.07.2022 21:43,18.07.2022 22:21,18.07.2022 22:13
8239,67,18.07.2022 23:22,19.07.2022 02:13,18.07.2022 23:52
7976,97,18.07.2022 20:17,18.07.2022 23:11,18.07.2022 20:47
8071,16,18.07.2022 20:06,18.07.2022 23:54,18.07.2022 20:36
4102,90,18.07.2022 22:41,18.07.2022 23:18,18.07.2022 23:11
8504,97,18.07.2022 20:07,18.07.2022 20:30,18.07.2022 20:37
8114,53,18.07.2022 23:03,19.07.2022 01:36,18.07.2022 23:33
6781,92,19.07.2022 02:01,19.07.2022 06:00,19.07.2022 02:31
9271,55,18.07.2022 23:53,19.07.2022 00:46,19.07.2022 00:23
5227,72,19.07.2022 00:43,19.07.2022 02:28,19.07.2022 01:13
5818,17,19.07.2022 00:56,19.07.2022 02:38,19.07.2022 01:26
7482,70,18.07.2022 22:07,18.07.2022 22:12,18.07.2022 22:37
5030,89,18.07.2022 22:28,19.07.2022 01:30,18.07.2022 22:58
7648,26,18.07.2022 23:38,18.07.2022 23:47,19.07.2022 00:08
5617,60,18.07.2022 22:09,18.07.2022 23:58,18.07.2022 22:39
3106,41,18.07.2022 21:35,19.07.2022 01:19,18.07.2022 22:05
1005,82,18.07.2022 22:24,19.07.2022 01:41,18.07.2022 22:54
4096,33,18.07.2022 22:56,19.07.2022 02:48,18.07.2022 23:26
6274,13,19.07.2022 01:55,19.07.2022 03:40,19.07.2022 02:25
4099,45,18.07.2022 23:47,19.07.2022 03:26,19.07.2022 00:17
5167,92,18.07.2022 21:17,18.07.2022 22:55,18.07.2022 21:47
6253,53,19.07.2022 02:08,19.07.2022 02:52,19.07.2022 02:38
1939,76,18.07.2022 21:12,19.07.2022 00:54,18.07.2022 21:42
4720,90,18.07.2022 21:43,19.07.2022 00:02,18.07.2022 22:13
1357,83,18.07.2022 23:39,19.07.2022 01:43,19.07.2022 00:09
2086,78,18.07.2022 23:48,19.07.2022 01:09,19.07.2022 00:18
3271,86,18.07.2022 23:42,19.07.2022 02:36,19.07.2022 00:12
8122,60,18.07.2022 23:10,18.07.2022 23:27,18.07.2022 23:40
5122,55,18.07.2022 18:42,18.07.2022 20:56,18.07.2022 19:12
4774,81,18.07.2022 18:26,18.07.2022 20:02,18.07.2022 18:56
2520,20,18.07.2022 23:17,19.07.2022 02:00,18.07.2022 23:47
5503,33,19.07.2022 00:17,19.07.2022 01:39,19.07.2022 00:47
7051,94,18.07.2022 19:21,18.07.2022 22:18,18.07.2022 19:51
2997,78,18.07.2022 22:11,19.07.2022 00:07,18.07.2022 22:41
7180,39,18.07.2022 22:15,19.07.2022 02:00,18.07.2022 22:45
1423,42,18.07.2022 22:39,19.07.2022 02:09,18.07.2022 23:09
4625,52,18.07.2022 21:42,19.07.2022 00:10,18.07.2022 22:12
8845,64,18.07.2022 22:09,19.07.2022 00:32,18.07.2022 22:39
6770,94,18.07.2022 20:18,18.07.2022 23:39,18.07.2022 20:48
2620,90,18.07.2022 20:33,18.07.2022 21:52,18.07.2022 21:03
8226,34,18.07.2022 23:47,19.07.2022 00:54,19.07.2022 00:17
3698,34,18.07.2022 20:20,18.07.2022 22:41,18.07.2022 20:50
1770,26,18.07.2022 23:55,19.07.2022 00:21,19.07.2022 00:25
4387,39,18.07.2022 23:14,19.07.2022 01:14,18.07.2022 23:44
3748,98,18.07.2022 21:38,18.07.2022 23:13,18.07.2022 22:08
7388,89,19.07.2022 00:49,19.07.2022 03:20,19.07.2022 01:19
3947,13,19.07.2022 00:12,19.07.2022 01:38,19.07.2022 00:42
2706,11,18.07.2022 19:22,18.07.2022 20:52,18.07.2022 19:52
9952,23,18.07.2022 20:31,18.07.2022 23:00,18.07.2022 21:01
4812,96,19.07.2022 01:01,19.07.2022 04:26,19.07.2022 01:31
9772,52,18.07.2022 18:56,18.07.2022 20:00,18.07.2022 19:26
6532,38,19.07.2022 01:08,19.07.2022 03:34,19.07.2022 01:38
3860,27,18.07.2022 21:10,18.07.2022 22:01,18.07.2022 21:40
7190,38,18.07.2022 21:26,18.07.2022 23:23,18.07.2022 21:56
4758,53,18.07.2022 22:38,19.07.2022 00:33,18.07.2022 23:08
6766,26,18.07.2022 23:30,19.07.2022 01:31,19.07.2022 00:00
8752,52,19.07.2022 00:43,19.07.2022 02:37,19.07.2022 01:13
6886,21,18.07.2022 20:27,18.07.2022 23:21,18.07.2022 20:57
7312,17,18.07.2022 19:28,18.07.2022 20:43,18.07.2022 19:58
1930,24,18.07.2022 22:14,18.07.2022 23:58,18.07.2022 22:44
2292,80,18.07.2022 23:50,19.07.2022 01:29,19.07.2022 00:20
7012,64,18.07.2022 19:17,18.07.2022 20:42,18.07.2022 19:47
9307,63,18.07.2022 21:24,19.07.2022 01:20,18.07.2022 21:54
8203,62,18.07.2022 19:40,18.07.2022 22:21,18.07.2022 20:10
1642,75,18.07.2022 21:41,19.07.2022 00:04,18.07.2022 22:11
7886,65,19.07.2022 00:16,19.07.2022 03:29,19.07.2022 00:46
7335,79,18.07.2022 22:25,19.07.2022 01:44,18.07.2022 22:55
8920,53,19.07.2022 00:42,19.07.2022 02:56,19.07.2022 01:12
1786,11,18.07.2022 19:38,18.07.2022 20:21,18.07.2022 20:08
4585,63,19.07.2022 01:39,19.07.2022 04:17,19.07.2022 02:09
4075,44,19.07.2022 00:05,19.07.2022 03:20,19.07.2022 00:35
5738,96,18.07.2022 23:42,19.07.2022 00:51,19.07.2022 00:12
9912,68,18.07.2022 21:50,19.07.2022 01:38,18.07.2022 22:20
6866,63,19.07.2022 00:38,19.07.2022 03:47,19.07.2022 01:08
4828,26,18.07.2022 22:46,19.07.2022 02:29,18.07.2022 23:16
2407,75,18.07.2022 22:08,19.07.2022 02:03,18.07.2022 22:38
9271,85,18.07.2022 23:05,19.07.2022 03:05,18.07.2022 23:35
5486,29,18.07.2022 20:46,18.07.2022 21:21,18.07.2022 21:16
9443,31,19.07.2022 00:57,19.07.2022 03:54,19.07.2022 01:27
9417,12,18.07.2022 22:10,19.07.2022 00:28,18.07.2022 22:40
9268,56,18.07.2022 19:10,18.07.2022 21:18,18.07.2022 19:40
8071,29,18.07.2022 23:36,19.07.2022 00:45,19.07.2022 00:06
5835,46,18.07.2022 21:03,18.07.2022 21:49,18.07.2022 21:33
9004,14,18.07.2022 21:16,18.07.2022 23:12,18.07.2022 21:46
3326,97,19.07.2022 01:02,19.07.2022 04:06,19.07.2022 01:32
6494,32,18.07.2022 22:46,18.07.2022 23:30,18.07.2022 23:16
6250,60,18.07.2022 21:43,18.07.2022 22:01,18.07.2022 22:13
5786,14,18.07.2022 22:08,19.07.2022 00:32,18.07.2022 22:38
5381,36,18.07.2022 23:09,18.07.2022 23:36,18.07.2022 23:39
7658,54,18.07.2022 23:14,19.07.2022 00:31,18.07.2022 23:44
8370,26,18.07.2022 22:43,19.07.2022 01:09,18.07.2022 23:13
2752,57,19.07.2022 00:40,19.07.2022 04:25,19.07.2022 01:10
9865,46,18.07.2022 22:27,19.07.2022 00:11,18.07.2022 22:57
7768,11,18.07.2022 22:58,19.07.2022 02:11,18.07.2022 23:28
8540,29,18.07.2022 21:04,18.07.2022 23:06,18.07.2022 21:34
6844,48,18.07.2022 19:29,18.07.2022 21:30,18.07.2022 19:59
3258,78,18.07.2022 21:18,19.07.2022 00:39,18.07.2022 21:48
7920,42,18.07.2022 22:55,18.07.2022 23:39,18.07.2022 23:25
9892,42,18.07.2022 22:59,19.07.2022 01:50,18.07.2022 23:29
9086,18,18.07.2022 19:41,18.07.2022 21:09,18.07.2022 20:11
1122,39,18.07.2022 23:22,18.07.2022 23:47,18.07.2022 23:52
8746,20,19.07.2022 00:15,19.07.2022 04:13,19.07.2022 00:45
6404,14,18.07.2022 20:34,18.07.2022 23:15,18.07.2022 21:04
1301,84,18.07.2022 21:22,18.07.2022 23:43,18.07.2022 21:52
8283,34,18.07.2022 22:34,19.07.2022 02:13,18.07.2022 23:04
2068,56,18.07.2022 21:40,18.07.2022 23:32,18.07.2022 22:10
6006,81,18.07.2022 20:57,19.07.2022 00:57,18.07.2022 21:27
4220,20,18.07.2022 21:11,19.07.2022 00:53,18.07.2022 21:41
1252,51,18.07.2022 21:28,18.07.2022 22:52,18.07.2022 21:58
4249,36,19.07.2022 01:04,19.07.2022 01:49,19.07.2022 01:34
6710,68,19.07.2022 00:00,19.07.2022 03:11,19.07.2022 00:30
6904,58,18.07.2022 22:19,18.07.2022 22:43,18.07.2022 22:49
2768,25,18.07.2022 20:54,19.07.2022 00:40,18.07.2022 21:24
3645,70,18.07.2022 20:43,18.07.2022 22:57,18.07.2022 21:13
3780,20,18.07.2022 23:21,19.07.2022 01:03,18.07.2022 23:51
1868,56,18.07.2022 21:32,18.07.2022 22:44,18.07.2022 22:02
4135,26,19.07.2022 00:11,19.07.2022 02:02,19.07.2022 00:41
2092,98,18.07.2022 20:34,18.07.2022 21:23,18.07.2022 21:04
2791,37,19.07.2022 02:10,19.07.2022 04:24,19.07.2022 02:40
1687,56,18.07.2022 21:43,18.07.2022 21:55,18.07.2022 22:13
8656,58,18.07.2022 19:38,18.07.2022 22:33,18.07.2022 20:08
9860,25,18.07.2022 23:32,19.07.2022 01:06,19.07.2022 00:02
8503,48,18.07.2022 21:56,18.07.2022 23:17,18.07.2022 22:26
2990,46,18.07.2022 21:29,18.07.2022 23:43,18.07.2022 21:59
1010,39,18.07.2022 21:55,18.07.2022 23:10,18.07.2022 22:25
2731,21,19.07.2022 01:25,19.07.2022 03:05,19.07.2022 01:55
7882,90,18.07.2022 22:21,18.07.2022 23:32,18.07.2022 22:51
1777,53,18.07.2022 21:30,18.07.2022 22:50,18.07.2022 22:00
5098,22,18.07.2022 21:44,18.07.2022 22:38,18.07.2022 22:14
7132,96,18.07.2022 22:52,18.07.2022 23:20,18.07.2022 23:22
7189,82,18.07.2022 19:07,18.07.2022 20:29,18.07.2022 19:37
3271,61,19.07.2022 01:45,19.07.2022 04:57,19.07.2022 02:15
9654,95,19.07.2022 00:55,19.07.2022 01:46,19.07.2022 01:25
7501,61,18.07.2022 23:55,19.07.2022 01:51,19.07.2022 00:25
2506,43,18.07.2022 21:24,19.07.2022 00:54,18.07.2022 21:54
1055,85,18.07.2022 18:22,18.07.2022 21:40,18.07.2022 18:52
5618,69,18.07.2022 22:04,19.07.2022 00:29,18.07.2022 22:34
5389,99,18.07.2022 20:23,18.07.2022 23:47,18.07.2022 20:53
8372,64,18.07.2022 21:26,18.07.2022 22:55,18.07.2022 21:56
4198,88,18.07.2022 23:32,19.07.2022 03:26,19.07.2022 00:02
3052,67,18.07.2022 23:18,19.07.2022 01:18,18.07.2022 23:48
5728,18,18.07.2022 23:01,19.07.2022 00:16,18.07.2022 23:31
5689,55,18.07.2022 21:47,18.07.2022 23:07,18.07.2022 22:17
2600,37,18.07.2022 19:01,18.07.2022 20:03,18.07.2022 19:31
1456,78,18.07.2022 22:21,19.07.2022 00:07,18.07.2022 22:51
2804,76,19.07.2022 01:20,19.07.2022 04:36,19.07.2022 01:50
5945,94,18.07.2022 21:14,19.07.2022 00:24,18.07.2022 21:44
2910,61,18.07.2022 23:31,18.07.2022 23:55,19.07.2022 00:01
9844,38,18.07.2022 18:53,18.07.2022 20:03,18.07.2022 19:23
4146,10,18.07.2022 19:51,18.07.2022 23:14,18.07.2022 20:21
5317,95,18.07.2022 23:23,19.07.2022 01:19,18.07.2022 23:53
5764,41,18.07.2022 20:48,18.07.2022 21:35,18.07.2022 21:18
9199,43,18.07.2022 22:39,18.07.2022 22:49,18.07.2022 23:09
9630,67,18.07.2022 18:55,18.07.2022 22:02,18.07.2022 19:25
1549,99,18.07.2022 19:41,18.07.2022 20:08,18.07.2022 20:11
6103,13,18.07.2022 19:23,18.07.2022 20:34,18.07.2022 19:53
9283,99,18.07.2022 22:33,18.07.2022 23:55,18.07.2022 23:03
3382,54,18.07.2022 19:44,18.07.2022 21:47,18.07.2022 20:14
2890,77,18.07.2022 21:53,19.07.2022 00:29,18.07.2022 22:23
6793,94,18.07.2022 19:25,18.07.2022 19:52,18.07.2022 19:55
3404,83,19.07.2022 01:20,19.07.2022 01:23,19.07.2022 01:50
5263,85,18.07.2022 21:33,18.07.2022 22:11,18.07.2022 22:03
4089,39,18.07.2022 21:26,19.07.2022 00:16,18.07.2022 21:56
1374,89,18.07.2022 21:21,18.07.2022 22:33,18.07.2022 21:51
1812,12,18.07.2022 20:59,19.07.2022 00:39,18.07.2022 21:29
6306,45,18.07.2022 22:47,18.07.2022 22:58,18.07.2022 23:17
6848,32,18.07.2022 23:00,19.07.2022 02:50,18.07.2022 23:30
7608,49,18.07.2022 20:53,18.07.2022 22:06,18.07.2022 21:23
2308,77,19.07.2022 00:14,19.07.2022 02:36,19.07.2022 00:44
7083,72,18.07.2022 21:43,18.07.2022 23:06,18.07.2022 22:13
5358,77,18.07.2022 23:12,19.07.2022 00:21,18.07.2022 23:42
6428,84,18.07.2022 21:08,19.07.2022 00:45,18.07.2022 21:38
4669,83,19.07.2022 00:52,19.07.2022 04:50,19.07.2022 01:22
8455,56,18.07.2022 22:17,18.07.2022 23:34,18.07.2022 22:47
5562,60,18.07.2022 20:15,18.07.2022 21:00,18.07.2022 20:45
5392,47,18.07.2022 23:47,19.07.2022 02:55,19.07.2022 00:17
4930,91,18.07.2022 22:47,19.07.2022 00:01,18.07.2022 23:17
3687,57,18.07.2022 18:44,18.07.2022 21:13,18.07.2022 19:14
7260,45,18.07.2022 23:40,19.07.2022 02:32,19.07.2022 00:10
8512,71,18.07.2022 21:39,18.07.2022 22:31,18.07.2022 22:09
3701,85,18.07.2022 22:34,18.07.2022 22:48,18.07.2022 23:04
6368,67,18.07.2022 23:46,19.07.2022 01:25,19.07.2022 00:16
9004,52,18.07.2022 23:53,19.07.2022 00:33,19.07.2022 00:23
9022,44,18.07.2022 23:48,19.07.2022 00:05,19.07.2022 00:18
1317,22,18.07.2022 23:19,19.07.2022 03:04,18.07.2022 23:49
3791,58,18.07.2022 21:56,18.07.2022 22:01,18.07.2022 22:26
9871,49,18.07.2022 21:29,19.07.2022 01:27,18.07.2022 21:59
5375,72,19.07.2022 00:10,19.07.2022 00:58,19.07.2022 00:40
2872,64,18.07.2022 18:48,18.07.2022 20:11,18.07.2022 19:18
3164,60,19.07.2022 00:37,19.07.2022 02:56,19.07.2022 01:07
3232,41,18.07.2022 19:14,18.07.2022 22:29,18.07.2022 19:44
6712,98,18.07.2022 21:58,18.07.2022 22:01,18.07.2022 22:28
1606,10,18.07.2022 20:45,19.07.2022 00:05,18.07.2022 21:15
6664,36,18.07.2022 22:10,19.07.2022 00:28,18.07.2022 22:40
6524,50,19.07.2022 00:33,19.07.2022 02:10,19.07.2022 01:03
8917,23,18.07.2022 22:01,19.07.2022 01:08,18.07.2022 22:31
5758,57,18.07.2022 20:22,18.07.2022 22:22,18.07.2022 20:52
9787,47,19.07.2022 00:27,19.07.2022 03:49,19.07.2022 00:57
9770,25,18.07.2022 21:48,19.07.2022 01:38,18.07.2022 22:18
9172,58,18.07.2022 20:06,18.07.2022 22:56,18.07.2022 20:36
3307,99,19.07.2022 00:11,19.07.2022 00:49,19.07.2022 00:41
2287,91,18.07.2022 21:06,18.07.2022 23:50,18.07.2022 21:36
5865,70,19.07.2022 01:58,19.07.2022 05:18,19.07.2022 02:28
5473,50,18.07.2022 22:56,19.07.2022 00:00,18.07.2022 23:26
1551,89,18.07.2022 22:59,19.07.2022 01:56,18.07.2022 23:29
